UBIGEO,DEPARTAMENTO,PROVINCIA,DISTRITO,HOMBRE,MUJER
010101,Amazonas,Chachapoyas,Chachapoyas,17159,18709
010102,Amazonas,Chachapoyas,Asunción,146,137
010103,Amazonas,Chachapoyas,Balsas,652,581
010104,Amazonas,Chachapoyas,Cheto,339,343
010105,Amazonas,Chachapoyas,Chiliquin,328,300
010106,Amazonas,Chachapoyas,Chuquibamba,1024,955
010107,Amazonas,Chachapoyas,Granada,259,259
010108,Amazonas,Chachapoyas,Huancas,1009,277
010109,Amazonas,Chachapoyas,La Jalca,2099,2154
010110,Amazonas,Chachapoyas,Leimebamba,1984,1887
010111,Amazonas,Chachapoyas,Levanto,421,417
010112,Amazonas,Chachapoyas,Magdalena,447,466
010113,Amazonas,Chachapoyas,Mariscal Castilla,733,721
010114,Amazonas,Chachapoyas,Molinopampa,1148,1187
010115,Amazonas,Chachapoyas,Montevideo,263,265
010116,Amazonas,Chachapoyas,Olleros,217,202
010117,Amazonas,Chachapoyas,Quinjalca,384,444
010118,Amazonas,Chachapoyas,San Francisco de Daguas,164,157
010119,Amazonas,Chachapoyas,San Isidro de Maino,333,280
010120,Amazonas,Chachapoyas,Soloco,700,601
010121,Amazonas,Chachapoyas,Sonche,135,133
010201,Amazonas,Bagua,Bagua,14247,14589
010202,Amazonas,Bagua,Aramango,5498,4989
010203,Amazonas,Bagua,Copallin,2570,2402
010204,Amazonas,Bagua,El Parco,683,610
010205,Amazonas,Bagua,Imaza,14901,14951
010206,Amazonas,Bagua,La Peca,3493,3260
010301,Amazonas,Bongara,Jumbilla,702,683
010302,Amazonas,Bongara,Chisquilla,177,147
010303,Amazonas,Bongara,Churuja,151,146
010304,Amazonas,Bongara,Corosha,406,399
010305,Amazonas,Bongara,Cuispes,336,372
010306,Amazonas,Bongara,Florida,3205,3190
010307,Amazonas,Bongara,Jazan,4078,3981
010308,Amazonas,Bongara,Recta,115,106
010309,Amazonas,Bongara,San Carlos,260,249
010310,Amazonas,Bongara,Shipasbamba,821,793
010311,Amazonas,Bongara,Valera,454,463
010312,Amazonas,Bongara,Yambrasbamba,2914,2937
010401,Amazonas,Condorcanqui,Nieva,10742,10582
010402,Amazonas,Condorcanqui,El Cenepa,5765,5893
010403,Amazonas,Condorcanqui,Rio Santiago,8328,8490
010501,Amazonas,Luya,Lamud,1088,1294
010502,Amazonas,Luya,Camporredondo,3829,3408
010503,Amazonas,Luya,Cocabamba,1120,975
010504,Amazonas,Luya,Colcamar,988,1047
010505,Amazonas,Luya,Conila,985,972
010506,Amazonas,Luya,Inguilpata,266,260
010507,Amazonas,Luya,Longuita,479,422
010508,Amazonas,Luya,Lonya Chico,463,437
010509,Amazonas,Luya,Luya,1985,2171
010510,Amazonas,Luya,Luya Viejo,200,209
010511,Amazonas,Luya,María,423,373
010512,Amazonas,Luya,Ocalli,2059,1843
010513,Amazonas,Luya,Ocumal,2010,1736
010514,Amazonas,Luya,Pisuquia,2790,2385
010515,Amazonas,Luya,Providencia,760,648
010516,Amazonas,Luya,San Cristobal,262,322
010517,Amazonas,Luya,San Francisco del Yeso,393,355
010518,Amazonas,Luya,San Jerónimo,347,335
010519,Amazonas,Luya,San Juan de Lopecancha,236,223
010520,Amazonas,Luya,Santa Catalina,1024,1033
010521,Amazonas,Luya,Santo Tomas,1582,1625
010522,Amazonas,Luya,Tingo,670,678
010523,Amazonas,Luya,Trita,722,708
010601,Amazonas,Rodríguez de Mendoza,San Nicolás,3116,3088
010602,Amazonas,Rodríguez de Mendoza,Chirimoto,1440,1219
010603,Amazonas,Rodríguez de Mendoza,Cochamal,341,283
010604,Amazonas,Rodríguez de Mendoza,Huambo,1434,1367
010605,Amazonas,Rodríguez de Mendoza,Limabamba,1317,1187
010606,Amazonas,Rodríguez de Mendoza,Longar,895,815
010607,Amazonas,Rodríguez de Mendoza,Mariscal Benavides,803,765
010608,Amazonas,Rodríguez de Mendoza,Milpuc,251,218
010609,Amazonas,Rodríguez de Mendoza,Omia,4989,4469
010610,Amazonas,Rodríguez de Mendoza,Santa Rosa,273,266
010611,Amazonas,Rodríguez de Mendoza,Totora,153,142
010612,Amazonas,Rodríguez de Mendoza,Vista Alegre,1728,1571
010701,Amazonas,Utcubamba,Bagua Grande,27954,27810
010702,Amazonas,Utcubamba,Cajaruro,13014,12090
010703,Amazonas,Utcubamba,Cumba,4562,4306
010704,Amazonas,Utcubamba,El Milagro,3427,2959
010705,Amazonas,Utcubamba,Jamalca,3789,3530
010706,Amazonas,Utcubamba,Lonya Grande,5761,5176
010707,Amazonas,Utcubamba,Yamon,1721,1499
020101,Áncash,Huaraz,Huaraz,32406,32599
020102,Áncash,Huaraz,Cochabamba,896,849
020103,Áncash,Huaraz,Colcabamba,173,151
020104,Áncash,Huaraz,Huanchay,899,838
020105,Áncash,Huaraz,Independencia,39220,41390
020106,Áncash,Huaraz,Jangas,2542,2429
020107,Áncash,Huaraz,La Libertad,528,603
020108,Áncash,Huaraz,Olleros,1197,1299
020109,Áncash,Huaraz,Pampas Grande,525,519
020110,Áncash,Huaraz,Pariacoto,2553,2437
020111,Áncash,Huaraz,Pira,1785,1737
020112,Áncash,Huaraz,Tarica,3359,3600
020201,Áncash,Aija,Aija,1203,927
020202,Áncash,Aija,Coris,865,854
020203,Áncash,Aija,Huacllan,177,211
020204,Áncash,Aija,La Merced,789,861
020205,Áncash,Aija,Succha,383,369
020301,Áncash,Antonio Raymondi,Llamellin,1753,1704
020302,Áncash,Antonio Raymondi,Aczo,987,1027
020303,Áncash,Antonio Raymondi,Chaccho,705,728
020304,Áncash,Antonio Raymondi,Chingas,962,987
020305,Áncash,Antonio Raymondi,Mirgas,2103,2187
020306,Áncash,Antonio Raymondi,San Juan de Rontoy,596,621
020401,Áncash,Asunción,Chacas,2381,2454
020402,Áncash,Asunción,Acochaca,1400,1638
020501,Áncash,Bolognesi,Chiquian,2032,2028
020502,Áncash,Bolognesi,Abelardo Pardo Lezameta,133,127
020503,Áncash,Bolognesi,Antonio Raymondi,510,536
020504,Áncash,Bolognesi,Aquia,1107,1097
020505,Áncash,Bolognesi,Cajacay,1021,790
020506,Áncash,Bolognesi,Canis,177,151
020507,Áncash,Bolognesi,Colquioc,1274,1190
020508,Áncash,Bolognesi,Huallanca,3526,3223
020509,Áncash,Bolognesi,Huasta,768,736
020510,Áncash,Bolognesi,Huayllacayan,689,647
020511,Áncash,Bolognesi,La Primavera,240,238
020512,Áncash,Bolognesi,Mangas,252,270
020513,Áncash,Bolognesi,Pacllon,504,468
020514,Áncash,Bolognesi,San Miguel de Corpanqui,252,267
020515,Áncash,Bolognesi,Ticllos,342,345
020601,Áncash,Carhuaz,Carhuaz,7730,8129
020602,Áncash,Carhuaz,Acopampa,1328,1368
020603,Áncash,Carhuaz,Amashca,731,797
020604,Áncash,Carhuaz,Anta,1198,1322
020605,Áncash,Carhuaz,Ataquero,759,815
020606,Áncash,Carhuaz,Marcara,5013,5166
020607,Áncash,Carhuaz,Pariahuanca,699,748
020608,Áncash,Carhuaz,San Miguel de Aco,1205,1278
020609,Áncash,Carhuaz,Shilla,1387,1568
020610,Áncash,Carhuaz,Tinco,1736,1872
020611,Áncash,Carhuaz,Yungar,1581,1642
020701,Áncash,Carlos Fermín Fitzcarrald,San Luis,5338,5818
020702,Áncash,Carlos Fermín Fitzcarrald,San Nicolás,1600,1724
020703,Áncash,Carlos Fermín Fitzcarrald,Yauya,2076,2260
020801,Áncash,Casma,Casma,18493,18697
020802,Áncash,Casma,Buena Vista Alta,2566,2437
020803,Áncash,Casma,Comandante Noel,1195,1047
020804,Áncash,Casma,Yautan,4456,4224
020901,Áncash,Corongo,Corongo,909,865
020902,Áncash,Corongo,Aco,198,206
020903,Áncash,Corongo,Bambas,256,223
020904,Áncash,Corongo,Cusca,1418,1410
020905,Áncash,Corongo,La Pampa,573,508
020906,Áncash,Corongo,Yanac,365,308
020907,Áncash,Corongo,Yupan,370,365
021001,Áncash,Huari,Huari,4689,5011
021002,Áncash,Huari,Anra,742,730
021003,Áncash,Huari,Cajay,1271,1436
021004,Áncash,Huari,Chavin de Huantar,4087,4423
021005,Áncash,Huari,Huacachi,931,945
021006,Áncash,Huari,Huacchis,739,764
021007,Áncash,Huari,Huachis,1759,1830
021008,Áncash,Huari,Huantar,1353,1419
021009,Áncash,Huari,Masin,719,733
021010,Áncash,Huari,Paucas,825,814
021011,Áncash,Huari,Ponto,1364,1476
021012,Áncash,Huari,Rahuapampa,399,342
021013,Áncash,Huari,Rapayan,719,782
021014,Áncash,Huari,San Marcos,10858,7087
021015,Áncash,Huari,San Pedro de Chana,1334,1329
021016,Áncash,Huari,Uco,701,667
021101,Áncash,Huarmey,Huarmey,12967,12623
021102,Áncash,Huarmey,Cochapeti,430,387
021103,Áncash,Huarmey,Culebras,1749,1556
021104,Áncash,Huarmey,Huayan,515,458
021105,Áncash,Huarmey,Malvas,428,376
021201,Áncash,Huaylas,Caraz,12746,13166
021202,Áncash,Huaylas,Huallanca,564,498
021203,Áncash,Huaylas,Huata,689,730
021204,Áncash,Huaylas,Huaylas,822,894
021205,Áncash,Huaylas,Mato,990,981
021206,Áncash,Huaylas,Pamparomas,4297,4179
021207,Áncash,Huaylas,Pueblo Libre,3352,3535
021208,Áncash,Huaylas,Santa Cruz,2275,2308
021209,Áncash,Huaylas,Santo Toribio,562,574
021210,Áncash,Huaylas,Yuracmarca,1057,1030
021301,Áncash,Mariscal Luzuriaga,Piscobamba,1518,1661
021302,Áncash,Mariscal Luzuriaga,Casca,1917,2109
021303,Áncash,Mariscal Luzuriaga,Eleazar Guzmán Barron,691,694
021304,Áncash,Mariscal Luzuriaga,Fidel Olivas Escudero,998,1032
021305,Áncash,Mariscal Luzuriaga,Llama,553,517
021306,Áncash,Mariscal Luzuriaga,Llumpa,2980,3211
021307,Áncash,Mariscal Luzuriaga,Lucma,1374,1527
021308,Áncash,Mariscal Luzuriaga,Musga,505,530
021401,Áncash,Ocros,Ocros,662,622
021402,Áncash,Ocros,Acas,356,347
021403,Áncash,Ocros,Cajamarquilla,156,165
021404,Áncash,Ocros,Carhuapampa,264,234
021405,Áncash,Ocros,Cochas,793,719
021406,Áncash,Ocros,Congas,719,575
021407,Áncash,Ocros,Llipa,155,146
021408,Áncash,Ocros,San Cristóbal de Rajan,225,238
021409,Áncash,Ocros,San Pedro,360,310
021410,Áncash,Ocros,Santiago de Chilcas,248,197
021501,Áncash,Pallasca,Cabana,1279,1330
021502,Áncash,Pallasca,Bolognesi,551,520
021503,Áncash,Pallasca,Conchucos,3882,3943
021504,Áncash,Pallasca,Huacaschuque,273,280
021505,Áncash,Pallasca,Huandoval,569,514
021506,Áncash,Pallasca,Lacabamba,273,265
021507,Áncash,Pallasca,Llapo,305,326
021508,Áncash,Pallasca,Pallasca,1241,1276
021509,Áncash,Pallasca,Pampas,2014,2191
021510,Áncash,Pallasca,Santa Rosa,625,510
021511,Áncash,Pallasca,Tauca,1391,1469
021601,Áncash,Pomabamba,Pomabamba,7055,7701
021602,Áncash,Pomabamba,Huayllan,1479,1653
021603,Áncash,Pomabamba,Parobamba,3090,3299
021604,Áncash,Pomabamba,Quinuabamba,1127,1201
021701,Áncash,Recuay,Recuay,2177,2429
021702,Áncash,Recuay,Catac,1929,2109
021703,Áncash,Recuay,Cotaparaco,222,206
021704,Áncash,Recuay,Huayllapampa,299,365
021705,Áncash,Recuay,Llacllin,456,489
021706,Áncash,Recuay,Marca,854,842
021707,Áncash,Recuay,Pampas Chico,474,496
021708,Áncash,Recuay,Pararin,815,788
021709,Áncash,Recuay,Tapacocha,219,229
021710,Áncash,Recuay,Ticapampa,1239,1429
021801,Áncash,Santa,Chimbote,106417,107455
021802,Áncash,Santa,Cáceres del Perú,2538,2251
021803,Áncash,Santa,Coishco,8175,8478
021804,Áncash,Santa,Macate,1757,1583
021805,Áncash,Santa,Moro,4322,3989
021806,Áncash,Santa,Nepeña,7344,7069
021807,Áncash,Santa,Samanco,2533,2388
021808,Áncash,Santa,Santa,10624,10682
021809,Áncash,Santa,Nuevo Chimbote,79838,83741
021901,Áncash,Sihuas,Sihuas,2693,2906
021902,Áncash,Sihuas,Acobamba,862,833
021903,Áncash,Sihuas,Alfonso Ugarte,281,286
021904,Áncash,Sihuas,Cashapampa,1399,1537
021905,Áncash,Sihuas,Chingalpo,474,476
021906,Áncash,Sihuas,Huayllabamba,1781,1981
021907,Áncash,Sihuas,Quiches,1183,1264
021908,Áncash,Sihuas,Ragash,1238,1209
021909,Áncash,Sihuas,San Juan,3312,3410
021910,Áncash,Sihuas,Sicsibamba,730,831
022001,Áncash,Yungay,Yungay,10690,10887
022002,Áncash,Yungay,Cascapara,860,888
022003,Áncash,Yungay,Mancos,3305,3558
022004,Áncash,Yungay,Matacoto,748,748
022005,Áncash,Yungay,Quillo,6353,6408
022006,Áncash,Yungay,Ranrahirca,1441,1458
022007,Áncash,Yungay,Shupluy,945,1010
022008,Áncash,Yungay,Yanama,2702,2899
030101,Apurímac,Abancay,Abancay,35020,36240
030102,Apurímac,Abancay,Chacoche,689,707
030103,Apurímac,Abancay,Circa,1009,943
030104,Apurímac,Abancay,Curahuasi,8547,8518
030105,Apurímac,Abancay,Huanipaca,1564,1505
030106,Apurímac,Abancay,Lambrama,1559,1610
030107,Apurímac,Abancay,Pichirhua,1458,1470
030108,Apurímac,Abancay,San Pedro de Cachora,1302,1377
030109,Apurímac,Abancay,Tamburco,5450,5754
030201,Apurímac,Andahuaylas,Andahuaylas,21343,22217
030202,Apurímac,Andahuaylas,Andarapa,2765,2992
030203,Apurímac,Andahuaylas,Chiara,619,619
030204,Apurímac,Andahuaylas,Huancarama,2591,2863
030205,Apurímac,Andahuaylas,Huancaray,1941,2024
030206,Apurímac,Andahuaylas,Huayana,389,404
030207,Apurímac,Andahuaylas,Kishuara,3186,3267
030208,Apurímac,Andahuaylas,Pacobamba,1792,1826
030209,Apurímac,Andahuaylas,Pacucha,4253,4428
030210,Apurímac,Andahuaylas,Pampachiri,1110,1208
030211,Apurímac,Andahuaylas,Pomacocha,413,498
030212,Apurímac,Andahuaylas,San Antonio de Cachi,1506,1541
030213,Apurímac,Andahuaylas,San Jerónimo,10563,11352
030214,Apurímac,Andahuaylas,San Miguel de Chaccrampa,849,845
030215,Apurímac,Andahuaylas,Santa María de Chicmo,4287,4483
030216,Apurímac,Andahuaylas,Talavera,9307,9944
030217,Apurímac,Andahuaylas,Tumay Huaraca,956,1009
030218,Apurímac,Andahuaylas,Turpo,1850,1965
030219,Apurímac,Andahuaylas,Kaquiabamba,884,992
030220,Apurímac,Andahuaylas,José María Arguedas,2059,2127
030301,Apurímac,Antabamba,Antabamba,1470,1455
030302,Apurímac,Antabamba,El Oro,319,258
030303,Apurímac,Antabamba,Huaquirca,1129,780
030304,Apurímac,Antabamba,Juan Espinoza Medrano,886,902
030305,Apurímac,Antabamba,Oropesa,1215,1187
030306,Apurímac,Antabamba,Pachaconas,561,538
030307,Apurímac,Antabamba,Sabaino,561,600
030401,Apurímac,Aymaraes,Chalhuanca,2569,2505
030402,Apurímac,Aymaraes,Capaya,304,317
030403,Apurímac,Aymaraes,Caraybamba,488,501
030404,Apurímac,Aymaraes,Chapimarca,976,996
030405,Apurímac,Aymaraes,Colcabamba,355,374
030406,Apurímac,Aymaraes,Cotaruse,1459,1296
030407,Apurímac,Aymaraes,Ihuayllo,265,219
030408,Apurímac,Aymaraes,Justo Apu Sahuaraura,381,400
030409,Apurímac,Aymaraes,Lucre,795,818
030410,Apurímac,Aymaraes,Pocohuanca,545,521
030411,Apurímac,Aymaraes,San Juan de Chacña,397,402
030412,Apurímac,Aymaraes,Sañayca,580,576
030413,Apurímac,Aymaraes,Soraya,375,370
030414,Apurímac,Aymaraes,Tapairihua,1003,946
030415,Apurímac,Aymaraes,Tintay,1183,1224
030416,Apurímac,Aymaraes,Toraya,677,670
030417,Apurímac,Aymaraes,Yanaca,509,518
030501,Apurímac,Cotabambas,Tambobamba,5360,5397
030502,Apurímac,Cotabambas,Cotabambas,2087,2020
030503,Apurímac,Cotabambas,Coyllurqui,3413,3554
030504,Apurímac,Cotabambas,Haquira,4977,4972
030505,Apurímac,Cotabambas,Mara,3122,3058
030506,Apurímac,Cotabambas,Challhuahuacho,9182,5836
030601,Apurímac,Chincheros,Chincheros,2826,2709
030602,Apurímac,Chincheros,Anco_Huallo,5209,5537
030603,Apurímac,Chincheros,Cocharcas,959,865
030604,Apurímac,Chincheros,Huaccana,3545,3434
030605,Apurímac,Chincheros,Ocobamba,3552,3656
030606,Apurímac,Chincheros,Ongoy,1282,1197
030607,Apurímac,Chincheros,Uranmarca,1398,1422
030608,Apurímac,Chincheros,Ranracancha,2071,2185
030609,Apurímac,Chincheros,Rocchacc,1415,1407
030610,Apurímac,Chincheros,El Porvenir,892,910
030611,Apurímac,Chincheros,Los Chankas,550,501
030701,Apurímac,Grau,Chuquibambilla,2628,2686
030702,Apurímac,Grau,Curpahuasi,1014,1029
030703,Apurímac,Grau,Gamarra,1465,1462
030704,Apurímac,Grau,Huayllati,718,719
030705,Apurímac,Grau,Mamara,450,454
030706,Apurímac,Grau,Micaela Bastidas,475,496
030707,Apurímac,Grau,Pataypampa,431,407
030708,Apurímac,Grau,Progreso,1606,1513
030709,Apurímac,Grau,San Antonio,148,140
030710,Apurímac,Grau,Santa Rosa,265,328
030711,Apurímac,Grau,Turpay,347,320
030712,Apurímac,Grau,Vilcabamba,684,618
030713,Apurímac,Grau,Virundo,356,349
030714,Apurímac,Grau,Curasco,648,639
040101,Arequipa,Arequipa,Arequipa,27356,30491
040102,Arequipa,Arequipa,Alto Selva Alegre,42387,45669
040103,Arequipa,Arequipa,Cayma,48256,51712
040104,Arequipa,Arequipa,Cerro Colorado,101460,105654
040105,Arequipa,Arequipa,Characato,6873,7174
040106,Arequipa,Arequipa,Chiguata,1629,1499
040107,Arequipa,Arequipa,Jacobo Hunter,25448,26978
040108,Arequipa,Arequipa,La Joya,18185,17758
040109,Arequipa,Arequipa,Mariano Melgar,31031,32868
040110,Arequipa,Arequipa,Miraflores,30524,32371
040111,Arequipa,Arequipa,Mollebaya,2668,2540
040112,Arequipa,Arequipa,Paucarpata,65976,69947
040113,Arequipa,Arequipa,Pocsi,261,232
040114,Arequipa,Arequipa,Polobaya,477,454
040115,Arequipa,Arequipa,Quequeña,2521,2522
040116,Arequipa,Arequipa,Sabandia,2200,2311
040117,Arequipa,Arequipa,Sachaca,12425,13187
040118,Arequipa,Arequipa,San Juan de Siguas,349,342
040119,Arequipa,Arequipa,San Juan de Tarucani,745,745
040120,Arequipa,Arequipa,Santa Isabel de Siguas,447,324
040121,Arequipa,Arequipa,Santa Rita de Siguas,3528,3434
040122,Arequipa,Arequipa,Socabaya,39420,39342
040123,Arequipa,Arequipa,Tiabaya,8300,8802
040124,Arequipa,Arequipa,Uchumayo,7540,7851
040125,Arequipa,Arequipa,Vitor,2171,2027
040126,Arequipa,Arequipa,Yanahuara,12395,14117
040127,Arequipa,Arequipa,Yarabamba,744,714
040128,Arequipa,Arequipa,Yura,18216,18239
040129,Arequipa,Arequipa,José Luis Bustamante Y Rivero,39877,44374
040201,Arequipa,Camaná,Camaná,6748,6821
040202,Arequipa,Camaná,José María Quimper,2269,2421
040203,Arequipa,Camaná,Mariano Nicolás Valcárcel,4171,3439
040204,Arequipa,Camaná,Mariscal Cáceres,3402,3049
040205,Arequipa,Camaná,Nicolás de Pierola,3762,3841
040206,Arequipa,Camaná,Ocoña,2266,2019
040207,Arequipa,Camaná,Quilca,586,458
040208,Arequipa,Camaná,Samuel Pastor,8123,8241
040301,Arequipa,Caravelí,Caravelí,2207,2082
040302,Arequipa,Caravelí,Acarí,2776,2324
040303,Arequipa,Caravelí,Atico,3166,2587
040304,Arequipa,Caravelí,Atiquipa,286,256
040305,Arequipa,Caravelí,Bella Unión,1835,1486
040306,Arequipa,Caravelí,Cahuacho,342,340
040307,Arequipa,Caravelí,Chala,5233,4152
040308,Arequipa,Caravelí,Chaparra,2330,1476
040309,Arequipa,Caravelí,Huanuhuanu,2071,1093
040310,Arequipa,Caravelí,Jaqui,797,857
040311,Arequipa,Caravelí,Lomas,850,696
040312,Arequipa,Caravelí,Quicacha,1041,928
040313,Arequipa,Caravelí,Yauca,1026,1006
040401,Arequipa,Castilla,Aplao,4638,4612
040402,Arequipa,Castilla,Andagua,638,464
040403,Arequipa,Castilla,Ayo,147,114
040404,Arequipa,Castilla,Chachas,979,779
040405,Arequipa,Castilla,Chilcaymarca,508,517
040406,Arequipa,Castilla,Choco,410,357
040407,Arequipa,Castilla,Huancarqui,874,735
040408,Arequipa,Castilla,Machaguay,281,265
040409,Arequipa,Castilla,Orcopampa,4744,4056
040410,Arequipa,Castilla,Pampacolca,1079,1073
040411,Arequipa,Castilla,Tipan,251,223
040412,Arequipa,Castilla,Uñon,132,89
040413,Arequipa,Castilla,Uraca,3532,3404
040414,Arequipa,Castilla,Viraco,856,804
040501,Arequipa,Caylloma,Chivay,3052,3190
040502,Arequipa,Caylloma,Achoma,455,452
040503,Arequipa,Caylloma,Cabanaconde,1183,1131
040504,Arequipa,Caylloma,Callalli,811,788
040505,Arequipa,Caylloma,Caylloma,2321,1577
040506,Arequipa,Caylloma,Coporaque,605,615
040507,Arequipa,Caylloma,Huambo,397,332
040508,Arequipa,Caylloma,Huanca,591,515
040509,Arequipa,Caylloma,Ichupampa,304,294
040510,Arequipa,Caylloma,Lari,469,501
040511,Arequipa,Caylloma,Lluta,446,342
040512,Arequipa,Caylloma,Maca,377,379
040513,Arequipa,Caylloma,Madrigal,335,358
040514,Arequipa,Caylloma,San Antonio de Chuca,512,463
040515,Arequipa,Caylloma,Sibayo,375,351
040516,Arequipa,Caylloma,Tapay,541,260
040517,Arequipa,Caylloma,Tisco,923,679
040518,Arequipa,Caylloma,Tuti,343,329
040519,Arequipa,Caylloma,Yanque,1201,1070
040520,Arequipa,Caylloma,Majes,33131,32778
040601,Arequipa,Condesuyos,Chuquibamba,1720,1806
040602,Arequipa,Condesuyos,Andaray,485,226
040603,Arequipa,Condesuyos,Cayarani,2188,1286
040604,Arequipa,Condesuyos,Chichas,415,311
040605,Arequipa,Condesuyos,Iray,310,331
040606,Arequipa,Condesuyos,Río Grande,2088,1479
040607,Arequipa,Condesuyos,Salamanca,250,267
040608,Arequipa,Condesuyos,Yanaquihua,2425,1863
040701,Arequipa,Islay,Mollendo,13340,13393
040702,Arequipa,Islay,Cocachacra,4501,4322
040703,Arequipa,Islay,Dean Valdivia,3589,3578
040704,Arequipa,Islay,Islay,2810,2469
040705,Arequipa,Islay,Mejia,696,559
040706,Arequipa,Islay,Punta de Bombón,3387,3309
040801,Arequipa,La Unión,Cotahuasi,1514,1575
040802,Arequipa,La Unión,Alca,977,998
040803,Arequipa,La Unión,Charcana,316,302
040804,Arequipa,La Unión,Huaynacotas,1059,982
040805,Arequipa,La Unión,Pampamarca,589,615
040806,Arequipa,La Unión,Puyca,1263,1265
040807,Arequipa,La Unión,Quechualla,157,130
040808,Arequipa,La Unión,Sayla,194,153
040809,Arequipa,La Unión,Tauria,167,162
040810,Arequipa,La Unión,Tomepampa,349,375
040811,Arequipa,La Unión,Toro,294,311
050101,Ayacucho,Huamanga,Ayacucho,50203,53312
050102,Ayacucho,Huamanga,Acocro,4042,4046
050103,Ayacucho,Huamanga,Acos Vinchos,2308,2292
050104,Ayacucho,Huamanga,Carmen Alto,14364,15095
050105,Ayacucho,Huamanga,Chiara,3095,3059
050106,Ayacucho,Huamanga,Ocros,2874,2828
050107,Ayacucho,Huamanga,Pacaycasa,1659,1637
050108,Ayacucho,Huamanga,Quinua,2626,2759
050109,Ayacucho,Huamanga,San José de Ticllas,736,742
050110,Ayacucho,Huamanga,San Juan Bautista,24287,26038
050111,Ayacucho,Huamanga,Santiago de Pischa,738,777
050112,Ayacucho,Huamanga,Socos,3079,3249
050113,Ayacucho,Huamanga,Tambillo,2794,2710
050114,Ayacucho,Huamanga,Vinchos,7174,7727
050115,Ayacucho,Huamanga,Jesús Nazareno,9538,9942
050116,Ayacucho,Huamanga,Andrés Avelino Cáceres Dorregaray,15531,13699
050201,Ayacucho,Cangallo,Cangallo,2816,3192
050202,Ayacucho,Cangallo,Chuschi,4475,4431
050203,Ayacucho,Cangallo,Los Morochucos,3963,4183
050204,Ayacucho,Cangallo,María Parado de Bellido,1013,1154
050205,Ayacucho,Cangallo,Paras,2136,2272
050206,Ayacucho,Cangallo,Totos,1486,1691
050301,Ayacucho,Huanca Sancos,Sancos,1603,1636
050302,Ayacucho,Huanca Sancos,Carapo,900,1016
050303,Ayacucho,Huanca Sancos,Sacsamarca,671,721
050304,Ayacucho,Huanca Sancos,Santiago de Lucanamarca,1046,1135
050401,Ayacucho,Huanta,Huanta,19855,21760
050402,Ayacucho,Huanta,Ayahuanco,604,656
050403,Ayacucho,Huanta,Huamanguilla,2063,2337
050404,Ayacucho,Huanta,Iguain,1335,1503
050405,Ayacucho,Huanta,Luricocha,2839,3151
050406,Ayacucho,Huanta,Santillana,1957,2118
050407,Ayacucho,Huanta,Sivia,6277,5638
050408,Ayacucho,Huanta,Llochegua,5907,5151
050409,Ayacucho,Huanta,Canayre,2205,1733
050410,Ayacucho,Huanta,Uchuraccay,1931,1930
050411,Ayacucho,Huanta,Pucacolpa,1350,1342
050412,Ayacucho,Huanta,Chaca,1046,1216
050501,Ayacucho,La Mar,San Miguel,5505,5663
050502,Ayacucho,La Mar,Anco,4532,3964
050503,Ayacucho,La Mar,Ayna,5248,4790
050504,Ayacucho,La Mar,Chilcas,837,901
050505,Ayacucho,La Mar,Chungui,2295,2250
050506,Ayacucho,La Mar,Luis Carranza,681,656
050507,Ayacucho,La Mar,Santa Rosa,6391,5986
050508,Ayacucho,La Mar,Tambo,5089,5578
050509,Ayacucho,La Mar,Samugari,5496,4963
050510,Ayacucho,La Mar,Anchihuay,2392,2109
050511,Ayacucho,La Mar,Oronccoy,582,545
050601,Ayacucho,Lucanas,Puquio,7112,7327
050602,Ayacucho,Lucanas,Aucara,1408,1555
050603,Ayacucho,Lucanas,Cabana,1096,1097
050604,Ayacucho,Lucanas,Carmen Salcedo,912,885
050605,Ayacucho,Lucanas,Chaviña,1279,1024
050606,Ayacucho,Lucanas,Chipao,1356,1346
050607,Ayacucho,Lucanas,Huac-Huas,960,772
050608,Ayacucho,Lucanas,Laramate,879,842
050609,Ayacucho,Lucanas,Leoncio Prado,614,568
050610,Ayacucho,Lucanas,Llauta,528,432
050611,Ayacucho,Lucanas,Lucanas,1488,1409
050612,Ayacucho,Lucanas,Ocaña,1255,1198
050613,Ayacucho,Lucanas,Otoca,1156,885
050614,Ayacucho,Lucanas,Saisa,501,350
050615,Ayacucho,Lucanas,San Cristobal,901,949
050616,Ayacucho,Lucanas,San Juan,658,365
050617,Ayacucho,Lucanas,San Pedro,1421,1364
050618,Ayacucho,Lucanas,San Pedro de Palco,539,462
050619,Ayacucho,Lucanas,Sancos,2922,2065
050620,Ayacucho,Lucanas,Santa Ana de HuaycAHUACHO,410,418
050621,Ayacucho,Lucanas,Santa Lucia,748,631
050701,Ayacucho,Parinacochas,Coracora,6757,7095
050702,Ayacucho,Parinacochas,Chumpi,1160,1174
050703,Ayacucho,Parinacochas,Coronel Castañeda,1219,548
050704,Ayacucho,Parinacochas,Pacapausa,339,331
050705,Ayacucho,Parinacochas,Pullo,3721,2827
050706,Ayacucho,Parinacochas,Puyusca,1097,1079
050707,Ayacucho,Parinacochas,San Francisco de Ravacayco,293,255
050708,Ayacucho,Parinacochas,Upahuacho,625,599
050801,Ayacucho,Páucar del Sara Sara,Pausa,1687,1630
050802,Ayacucho,Páucar del Sara Sara,Colta,267,229
050803,Ayacucho,Páucar del Sara Sara,Corculla,221,248
050804,Ayacucho,Páucar del Sara Sara,Lampa,1053,1026
050805,Ayacucho,Páucar del Sara Sara,Marcabamba,352,300
050806,Ayacucho,Páucar del Sara Sara,Oyolo,926,599
050807,Ayacucho,Páucar del Sara Sara,Pararca,219,220
050808,Ayacucho,Páucar del Sara Sara,San Javier de Alpabamba,159,153
050809,Ayacucho,Páucar del Sara Sara,San José de Ushua,124,109
050810,Ayacucho,Páucar del Sara Sara,Sara Sara,264,273
050901,Ayacucho,Sucre,Querobamba,1293,1323
050902,Ayacucho,Sucre,Belén,181,166
050903,Ayacucho,Sucre,Chalcos,257,249
050904,Ayacucho,Sucre,Chilcayoc,269,246
050905,Ayacucho,Sucre,Huacaña,179,211
050906,Ayacucho,Sucre,Morcolla,651,660
050907,Ayacucho,Sucre,Paico,291,292
050908,Ayacucho,Sucre,San Pedro de Larcay,417,427
050909,Ayacucho,Sucre,San Salvador de Quije,501,547
050910,Ayacucho,Sucre,Santiago de Paucaray,307,318
050911,Ayacucho,Sucre,Soras,535,524
051001,Ayacucho,Víctor Fajardo,Huancapi,905,1071
051002,Ayacucho,Víctor Fajardo,Alcamenca,776,807
051003,Ayacucho,Víctor Fajardo,Apongo,311,350
051004,Ayacucho,Víctor Fajardo,Asquipata,234,249
051005,Ayacucho,Víctor Fajardo,Canaria,2237,1776
051006,Ayacucho,Víctor Fajardo,Cayara,530,647
051007,Ayacucho,Víctor Fajardo,Colca,499,559
051008,Ayacucho,Víctor Fajardo,Huamanquiquia,543,595
051009,Ayacucho,Víctor Fajardo,Huancaraylla,619,719
051010,Ayacucho,Víctor Fajardo,Hualla,1037,1152
051011,Ayacucho,Víctor Fajardo,Sarhua,1305,1387
051012,Ayacucho,Víctor Fajardo,Vilcanchos,1163,1334
051101,Ayacucho,Vilcas Huamán,Vilcas Huamán,3276,3559
051102,Ayacucho,Vilcas Huamán,Accomarca,437,499
051103,Ayacucho,Vilcas Huamán,Carhuanca,415,455
051104,Ayacucho,Vilcas Huamán,Concepción,853,913
051105,Ayacucho,Vilcas Huamán,Huambalpa,689,741
051106,Ayacucho,Vilcas Huamán,Independencia,582,631
051107,Ayacucho,Vilcas Huamán,Saurama,545,570
051108,Ayacucho,Vilcas Huamán,Vischongo,1963,2041
060101,Cajamarca,Cajamarca,Cajamarca,111950,119293
060102,Cajamarca,Cajamarca,Asunción,4009,4475
060103,Cajamarca,Cajamarca,Chetilla,1751,2127
060104,Cajamarca,Cajamarca,Cospan,3644,3620
060105,Cajamarca,Cajamarca,Encañada,9807,10761
060106,Cajamarca,Cajamarca,Jesús,7734,8330
060107,Cajamarca,Cajamarca,Llacanora,2933,3292
060108,Cajamarca,Cajamarca,Los Baños del Inca,23604,24998
060109,Cajamarca,Cajamarca,Magdalena,4323,4525
060110,Cajamarca,Cajamarca,Matara,1792,1977
060111,Cajamarca,Cajamarca,Namora,4829,5256
060112,Cajamarca,Cajamarca,San Juan,2243,2321
060201,Cajamarca,Cajabamba,Cajabamba,15635,17016
060202,Cajamarca,Cajabamba,Cachachi,13108,12001
060203,Cajamarca,Cajabamba,Condebamba,7203,7546
060204,Cajamarca,Cajabamba,Sitacocha,4037,4084
060301,Cajamarca,Celendín,Celendín,13410,14595
060302,Cajamarca,Celendín,Chumuch,1451,1311
060303,Cajamarca,Celendín,Cortegana,3674,3775
060304,Cajamarca,Celendín,Huasmin,5536,5743
060305,Cajamarca,Celendín,Jorge Chávez,231,246
060306,Cajamarca,Celendín,José Galvez,1330,1427
060307,Cajamarca,Celendín,Miguel Iglesias,1946,2132
060308,Cajamarca,Celendín,Oxamarca,2952,2955
060309,Cajamarca,Celendín,Sorochuco,3799,4100
060310,Cajamarca,Celendín,Sucre,2694,2810
060311,Cajamarca,Celendín,Utco,582,534
060312,Cajamarca,Celendín,La Libertad de Pallan,3426,3564
060401,Cajamarca,Chota,Chota,23225,26638
060402,Cajamarca,Chota,Anguia,1663,1722
060403,Cajamarca,Chota,Chadin,1813,1888
060404,Cajamarca,Chota,Chiguirip,1867,1933
060405,Cajamarca,Chota,Chimban,1194,1185
060406,Cajamarca,Chota,Choropampa,1240,1227
060407,Cajamarca,Chota,Cochabamba,2911,3049
060408,Cajamarca,Chota,Conchan,2909,3100
060409,Cajamarca,Chota,Huambos,4238,4475
060410,Cajamarca,Chota,Lajas,5588,6158
060411,Cajamarca,Chota,Llama,3687,3794
060412,Cajamarca,Chota,Miracosta,1723,1636
060413,Cajamarca,Chota,Paccha,2266,2435
060414,Cajamarca,Chota,Pion,668,613
060415,Cajamarca,Chota,Querocoto,4397,4452
060416,Cajamarca,Chota,San Juan de Licupis,513,482
060417,Cajamarca,Chota,Tacabamba,8383,8625
060418,Cajamarca,Chota,Tocmoche,475,422
060419,Cajamarca,Chota,Chalamarca,4610,5178
060501,Cajamarca,Contumazá,Contumazá,4043,4088
060502,Cajamarca,Contumazá,Chilete,1375,1436
060503,Cajamarca,Contumazá,Cupisnique,750,673
060504,Cajamarca,Contumazá,Guzmango,1388,1457
060505,Cajamarca,Contumazá,San Benito,1848,1721
060506,Cajamarca,Contumazá,Santa Cruz de Toled,561,496
060507,Cajamarca,Contumazá,Tantarica,1346,1263
060508,Cajamarca,Contumazá,Yonan,3526,3561
060601,Cajamarca,Cutervo,Cutervo,24751,26558
060602,Cajamarca,Cutervo,Callayuc,5022,4700
060603,Cajamarca,Cutervo,Choros,1712,1605
060604,Cajamarca,Cutervo,Cujillo,1299,1319
060605,Cajamarca,Cutervo,La Ramada,2068,2020
060606,Cajamarca,Cutervo,Pimpingos,2743,2545
060607,Cajamarca,Cutervo,Querocotillo,6989,6922
060608,Cajamarca,Cutervo,San Andrés de Cutervo,2248,2194
060609,Cajamarca,Cutervo,San Juan de Cutervo,969,931
060610,Cajamarca,Cutervo,San Luis de Lucma,1554,1599
060611,Cajamarca,Cutervo,Santa Cruz,1374,1384
060612,Cajamarca,Cutervo,Santo Domingo de la Capilla,2571,2500
060613,Cajamarca,Cutervo,Santo Tomas,3924,3763
060614,Cajamarca,Cutervo,Socota,4581,4825
060615,Cajamarca,Cutervo,Toribio Casanova,587,576
060701,Cajamarca,Hualgayoc,Bambamarca,30701,34504
060702,Cajamarca,Hualgayoc,Chugur,1481,1570
060703,Cajamarca,Hualgayoc,Hualgayoc,8831,7392
060801,Cajamarca,Jaén,Jaén,50554,50366
060802,Cajamarca,Jaén,Bellavista,8401,7681
060803,Cajamarca,Jaén,Chontali,5275,4985
060804,Cajamarca,Jaén,Colasay,5550,5113
060805,Cajamarca,Jaén,Huabal,4454,4197
060806,Cajamarca,Jaén,Las Pirias,2333,2214
060807,Cajamarca,Jaén,Pomahuaca,4622,4457
060808,Cajamarca,Jaén,Pucara,3425,3431
060809,Cajamarca,Jaén,Sallique,3841,3674
060810,Cajamarca,Jaén,San Felipe,2535,2347
060811,Cajamarca,Jaén,San José del Alto,3996,3753
060812,Cajamarca,Jaén,Santa Rosa,5589,5041
060901,Cajamarca,San Ignacio,San Ignacio,19683,18452
060902,Cajamarca,San Ignacio,Chirinos,8127,7189
060903,Cajamarca,San Ignacio,Huarango,9843,9015
060904,Cajamarca,San Ignacio,La Coipa,10755,9783
060905,Cajamarca,San Ignacio,Namballe,5225,4697
060906,Cajamarca,San Ignacio,San José de Lourdes,10240,9132
060907,Cajamarca,San Ignacio,Tabaconas,9860,9473
061001,Cajamarca,San Marcos,Pedro Gálvez,10403,10612
061002,Cajamarca,San Marcos,Chancay,1514,1582
061003,Cajamarca,San Marcos,Eduardo Villanueva,1402,1449
061004,Cajamarca,San Marcos,Gregorio Pita,2696,2765
061005,Cajamarca,San Marcos,Ichocan,961,1034
061006,Cajamarca,San Marcos,José Manuel Quiroz,1828,1883
061007,Cajamarca,San Marcos,José Sabogal,6572,6451
061101,Cajamarca,San Miguel,San Miguel,6889,7380
061102,Cajamarca,San Miguel,Bolívar,686,682
061103,Cajamarca,San Miguel,Calquis,2020,2266
061104,Cajamarca,San Miguel,Catilluc,1449,1452
061105,Cajamarca,San Miguel,El Prado,826,878
061106,Cajamarca,San Miguel,La Florida,1121,1100
061107,Cajamarca,San Miguel,Llapa,2247,2462
061108,Cajamarca,San Miguel,Nanchoc,689,679
061109,Cajamarca,San Miguel,Niepos,1656,1814
061110,Cajamarca,San Miguel,San Gregorio,1199,1105
061111,Cajamarca,San Miguel,San Silvestre de Cochan,1868,1996
061112,Cajamarca,San Miguel,Tongod,1394,1422
061113,Cajamarca,San Miguel,Unión Agua Blanca,1617,1602
061201,Cajamarca,San Pablo,San Pablo,6312,7040
061202,Cajamarca,San Pablo,San Bernardino,2280,2293
061203,Cajamarca,San Pablo,San Luis,500,498
061204,Cajamarca,San Pablo,Tumbaden,1723,1926
061301,Cajamarca,Santa Cruz,Santa Cruz,4751,5040
061302,Cajamarca,Santa Cruz,Andabamba,662,722
061303,Cajamarca,Santa Cruz,Catache,5374,4358
061304,Cajamarca,Santa Cruz,Chancaybaños,1747,1789
061305,Cajamarca,Santa Cruz,La Esperanza,1211,1227
061306,Cajamarca,Santa Cruz,Ninabamba,1069,1094
061307,Cajamarca,Santa Cruz,Pulan,2025,2025
061308,Cajamarca,Santa Cruz,Saucepampa,719,783
061309,Cajamarca,Santa Cruz,Sexi,290,156
061310,Cajamarca,Santa Cruz,Uticyacu,679,642
061311,Cajamarca,Santa Cruz,Yauyucan,1422,1537
070101,Prov. Constitucional del Callao,#VALUE!,Callao,237152,242266
070102,Prov. Constitucional del Callao,#VALUE!,Bellavista,37265,40414
070103,Prov. Constitucional del Callao,#VALUE!,Carmen de la Legua Reynoso,21785,22592
070104,Prov. Constitucional del Callao,#VALUE!,La Perla,29704,32683
070105,Prov. Constitucional del Callao,#VALUE!,La Punta,1811,2115
070106,Prov. Constitucional del Callao,#VALUE!,Ventanilla,163531,167588
070107,Prov. Constitucional del Callao,#VALUE!,Mi Perú,23649,24398
080101,Cusco,Cusco,Cusco,60511,64196
080102,Cusco,Cusco,Ccorca,1196,1215
080103,Cusco,Cusco,Poroy,1334,1310
080104,Cusco,Cusco,San Jerónimo,31233,29906
080105,Cusco,Cusco,San Sebastian,58170,61893
080106,Cusco,Cusco,Santiago,48832,51292
080107,Cusco,Cusco,Saylla,2906,3032
080108,Cusco,Cusco,Wanchaq,29221,32247
080201,Cusco,Acomayo,Acomayo,2361,2418
080202,Cusco,Acomayo,Acopia,1388,1565
080203,Cusco,Acomayo,Acos,1230,1165
080204,Cusco,Acomayo,Mosoc Llacta,602,601
080205,Cusco,Acomayo,Pomacanchi,3811,3957
080206,Cusco,Acomayo,Rondocan,1064,1031
080207,Cusco,Acomayo,Sangarara,1685,1800
080301,Cusco,Anta,Anta,11392,12040
080302,Cusco,Anta,Ancahuasi,3744,3854
080303,Cusco,Anta,Cachimayo,1281,1308
080304,Cusco,Anta,Chinchaypujio,2297,2131
080305,Cusco,Anta,Huarocondo,2420,2445
080306,Cusco,Anta,Limatambo,4045,4006
080307,Cusco,Anta,Mollepata,1723,1654
080308,Cusco,Anta,Pucyura,1713,1538
080309,Cusco,Anta,Zurite,1892,1870
080401,Cusco,Calca,Calca,11005,11556
080402,Cusco,Calca,Coya,1800,1865
080403,Cusco,Calca,Lamay,2920,2926
080404,Cusco,Calca,Lares,3231,3340
080405,Cusco,Calca,Pisac,5541,5603
080406,Cusco,Calca,San Salvador,2931,3045
080407,Cusco,Calca,Taray,2352,2406
080408,Cusco,Calca,Yanatile,5143,4638
080501,Cusco,Canas,Yanaoca,4603,4764
080502,Cusco,Canas,Checca,2756,2834
080503,Cusco,Canas,Kunturkanki,2583,2665
080504,Cusco,Canas,Langui,1082,1123
080505,Cusco,Canas,Layo,2856,2829
080506,Cusco,Canas,Pampamarca,916,1008
080507,Cusco,Canas,Quehue,1352,1426
080508,Cusco,Canas,Tupac Amaru,1381,1308
080601,Cusco,Canchis,Sicuani,30423,32324
080602,Cusco,Canchis,Checacupe,2493,2660
080603,Cusco,Canchis,Combapata,2489,2571
080604,Cusco,Canchis,Marangani,4990,5564
080605,Cusco,Canchis,Pitumarca,3916,4175
080606,Cusco,Canchis,San Pablo,2227,2355
080607,Cusco,Canchis,San Pedro,1363,1483
080608,Cusco,Canchis,Tinta,2613,2881
080701,Cusco,Chumbivilcas,Santo Tomas,11487,11718
080702,Cusco,Chumbivilcas,Capacmarca,2165,2056
080703,Cusco,Chumbivilcas,Chamaca,3369,3381
080704,Cusco,Chumbivilcas,Colquemarca,3730,3693
080705,Cusco,Chumbivilcas,Livitaca,6307,6249
080706,Cusco,Chumbivilcas,Llusco,2359,2339
080707,Cusco,Chumbivilcas,Quiñota,2092,1987
080708,Cusco,Chumbivilcas,Velille,4879,3453
080801,Cusco,Espinar,Espinar,19450,17737
080802,Cusco,Espinar,Condoroma,468,469
080803,Cusco,Espinar,Coporaque,5520,5409
080804,Cusco,Espinar,Ocoruro,564,540
080805,Cusco,Espinar,Pallpata,2648,2515
080806,Cusco,Espinar,Pichigua,1450,1566
080807,Cusco,Espinar,Suyckutambo,894,872
080808,Cusco,Espinar,Alto Pichigua,1027,1067
080901,Cusco,La Convención,Santa Ana,15413,15449
080902,Cusco,La Convención,Echarate,14981,12172
080903,Cusco,La Convención,Huayopata,2873,2709
080904,Cusco,La Convención,Maranura,2324,2439
080905,Cusco,La Convención,Ocobamba,2639,2293
080906,Cusco,La Convención,Quellouno,8103,7121
080907,Cusco,La Convención,Kimbiri,9555,9167
080908,Cusco,La Convención,Santa Teresa,3636,3367
080909,Cusco,La Convención,Vilcabamba,5560,5384
080910,Cusco,La Convención,Pichari,13580,11786
080911,Cusco,La Convención,Inkawasi,2591,2301
080912,Cusco,La Convención,Villa Virgen,1262,1059
080913,Cusco,La Convención,Villa Kintiarina,1231,1084
080914,Cusco,La Convención,Megantoni,4736,2886
081001,Cusco,Paruro,Paruro,1793,1693
081002,Cusco,Paruro,Accha,1628,1639
081003,Cusco,Paruro,Ccapi,1645,1620
081004,Cusco,Paruro,Colcha,536,482
081005,Cusco,Paruro,Huanoquite,2620,2560
081006,Cusco,Paruro,Omacha,2977,2995
081007,Cusco,Paruro,Paccaritambo,1090,1072
081008,Cusco,Paruro,Pillpinto,543,546
081009,Cusco,Paruro,Yaurisque,1031,1026
081101,Cusco,Paucartambo,Paucartambo,6650,6501
081102,Cusco,Paucartambo,Caicay,1480,1455
081103,Cusco,Paucartambo,Challabamba,4810,4736
081104,Cusco,Paucartambo,Colquepata,4495,4574
081105,Cusco,Paucartambo,Huancarani,3852,3815
081106,Cusco,Paucartambo,Kosñipata,2600,2272
081201,Cusco,Quispicanchi,Urcos,5643,6085
081202,Cusco,Quispicanchi,Andahuaylillas,3230,3255
081203,Cusco,Quispicanchi,Camanti,1326,1155
081204,Cusco,Quispicanchi,Ccarhuayo,1583,1522
081205,Cusco,Quispicanchi,Ccatca,7233,7744
081206,Cusco,Quispicanchi,Cusipata,2281,2414
081207,Cusco,Quispicanchi,Huaro,2383,2465
081208,Cusco,Quispicanchi,Lucre,2443,2474
081209,Cusco,Quispicanchi,Marcapata,2471,2397
081210,Cusco,Quispicanchi,Ocongate,8684,8782
081211,Cusco,Quispicanchi,Oropesa,5147,5134
081212,Cusco,Quispicanchi,Quiquijana,5772,5784
081301,Cusco,Urubamba,Urubamba,11025,11381
081302,Cusco,Urubamba,Chinchero,5776,5876
081303,Cusco,Urubamba,Huayllabamba,3057,2955
081304,Cusco,Urubamba,Machupicchu,3097,2517
081305,Cusco,Urubamba,Maras,3321,3347
081306,Cusco,Urubamba,Ollantaytambo,5864,5517
081307,Cusco,Urubamba,Yucay,1633,1709
090101,Huancavelica,Huancavelica,Huancavelica,19697,21048
090102,Huancavelica,Huancavelica,Acobambilla,1095,1053
090103,Huancavelica,Huancavelica,Acoria,9038,9880
090104,Huancavelica,Huancavelica,Conayca,431,467
090105,Huancavelica,Huancavelica,Cuenca,583,607
090106,Huancavelica,Huancavelica,Huachocolpa,1069,886
090107,Huancavelica,Huancavelica,Huayllahuara,300,390
090108,Huancavelica,Huancavelica,Izcuchaca,436,461
090109,Huancavelica,Huancavelica,Laria,384,389
090110,Huancavelica,Huancavelica,Manta,473,529
090111,Huancavelica,Huancavelica,Mariscal Cáceres,257,269
090112,Huancavelica,Huancavelica,Moya,472,559
090113,Huancavelica,Huancavelica,Nuevo Occoro,871,934
090114,Huancavelica,Huancavelica,Palca,1002,1092
090115,Huancavelica,Huancavelica,Pilchaca,258,266
090116,Huancavelica,Huancavelica,Vilca,923,1075
090117,Huancavelica,Huancavelica,Yauli,10071,10776
090118,Huancavelica,Huancavelica,Ascensión,7881,8204
090119,Huancavelica,Huancavelica,Huando,3175,3398
090201,Huancavelica,Acobamba,Acobamba,4523,4875
090202,Huancavelica,Acobamba,Andabamba,1622,1730
090203,Huancavelica,Acobamba,Anta,2317,2619
090204,Huancavelica,Acobamba,Caja,976,966
090205,Huancavelica,Acobamba,Marcas,815,797
090206,Huancavelica,Acobamba,Paucara,5227,5676
090207,Huancavelica,Acobamba,Pomacocha,1477,1547
090208,Huancavelica,Acobamba,Rosario,2456,2701
090301,Huancavelica,Angaraes,Lircay,11945,12777
090302,Huancavelica,Angaraes,Anchonga,3698,3758
090303,Huancavelica,Angaraes,Callanmarca,299,343
090304,Huancavelica,Angaraes,Ccochaccasa,1598,1526
090305,Huancavelica,Angaraes,Chincho,502,492
090306,Huancavelica,Angaraes,Congalla,1777,1988
090307,Huancavelica,Angaraes,Huanca-Huanca,645,756
090308,Huancavelica,Angaraes,Huayllay Grande,565,585
090309,Huancavelica,Angaraes,Julcamarca,928,872
090310,Huancavelica,Angaraes,San Antonio de Antaparco,1228,1226
090311,Huancavelica,Angaraes,Santo Tomas de Pata,745,771
090312,Huancavelica,Angaraes,Secclla,1636,1567
090401,Huancavelica,Castrovirreyna,Castrovirreyna,1482,1644
090402,Huancavelica,Castrovirreyna,Arma,513,516
090403,Huancavelica,Castrovirreyna,Aurahua,750,810
090404,Huancavelica,Castrovirreyna,Capillas,504,462
090405,Huancavelica,Castrovirreyna,Chupamarca,468,472
090406,Huancavelica,Castrovirreyna,Cocas,379,372
090407,Huancavelica,Castrovirreyna,Huachos,504,480
090408,Huancavelica,Castrovirreyna,Huamatambo,231,178
090409,Huancavelica,Castrovirreyna,Mollepampa,613,613
090410,Huancavelica,Castrovirreyna,San Juan,369,343
090411,Huancavelica,Castrovirreyna,Santa Ana,514,430
090412,Huancavelica,Castrovirreyna,Tantara,368,316
090413,Huancavelica,Castrovirreyna,Ticrapo,790,770
090501,Huancavelica,Churcampa,Churcampa,2526,2877
090502,Huancavelica,Churcampa,Anco,2889,2886
090503,Huancavelica,Churcampa,Chinchihuasi,989,1089
090504,Huancavelica,Churcampa,El Carmen,1242,1306
090505,Huancavelica,Churcampa,La Merced,562,569
090506,Huancavelica,Churcampa,Locroja,1662,1857
090507,Huancavelica,Churcampa,Paucarbamba,2238,2440
090508,Huancavelica,Churcampa,San Miguel de Mayocc,415,373
090509,Huancavelica,Churcampa,San Pedro de Coris,1899,1674
090510,Huancavelica,Churcampa,Pachamarca,967,1005
090511,Huancavelica,Churcampa,Cosme,1519,1565
090601,Huancavelica,Huaytará,Huaytará,1125,1163
090602,Huancavelica,Huaytará,Ayavi,407,398
090603,Huancavelica,Huaytará,Cordova,569,493
090604,Huancavelica,Huaytará,Huayacundo Arma,223,245
090605,Huancavelica,Huaytará,Laramarca,444,439
090606,Huancavelica,Huaytará,Ocoyo,509,356
090607,Huancavelica,Huaytará,Pilpichaca,1480,1495
090608,Huancavelica,Huaytará,Querco,573,521
090609,Huancavelica,Huaytará,Quito-Arma,378,350
090610,Huancavelica,Huaytará,San Antonio de Cusicancha,664,774
090611,Huancavelica,Huaytará,San Francisco de Sangayaico,499,456
090612,Huancavelica,Huaytará,San Isidro,590,518
090613,Huancavelica,Huaytará,Santiago de Chocorvos,891,927
090614,Huancavelica,Huaytará,Santiago de Quirahuara,210,186
090615,Huancavelica,Huaytará,Santo Domingo de Capillas,402,386
090616,Huancavelica,Huaytará,Tambo,375,344
090701,Huancavelica,Tayacaja,Pampas,5012,5409
090702,Huancavelica,Tayacaja,Acostambo,1702,1760
090703,Huancavelica,Tayacaja,Acraquia,1774,1943
090704,Huancavelica,Tayacaja,Ahuaycha,1972,2098
090705,Huancavelica,Tayacaja,Colcabamba,5898,5961
090706,Huancavelica,Tayacaja,Daniel Hernández,4756,4855
090707,Huancavelica,Tayacaja,Huachocolpa,1716,1671
090709,Huancavelica,Tayacaja,Huaribamba,1521,1647
090710,Huancavelica,Tayacaja,Ñahuimpuquio,761,788
090711,Huancavelica,Tayacaja,Pazos,2628,2799
090713,Huancavelica,Tayacaja,Quishuar,367,395
090714,Huancavelica,Tayacaja,Salcabamba,2039,2034
090715,Huancavelica,Tayacaja,Salcahuasi,1368,1467
090716,Huancavelica,Tayacaja,San Marcos de Rocchac,949,998
090717,Huancavelica,Tayacaja,Surcubamba,2477,2450
090718,Huancavelica,Tayacaja,Tintay Puncu,1656,1555
090719,Huancavelica,Tayacaja,Quichuas,2150,2016
090720,Huancavelica,Tayacaja,Andaymarca,1319,1210
090721,Huancavelica,Tayacaja,Roble,725,652
090722,Huancavelica,Tayacaja,Pichos,1023,1039
090723,Huancavelica,Tayacaja,Santiago de Tucuma,790,822
100101,Huánuco,Huánuco,Huánuco,44942,47904
100102,Huánuco,Huánuco,Amarilis,41320,43985
100103,Huánuco,Huánuco,Chinchao,6699,6712
100104,Huánuco,Huánuco,Churubamba,8407,8872
100105,Huánuco,Huánuco,Margos,2252,2420
100106,Huánuco,Huánuco,Quisqui (Kichki),1857,1865
100107,Huánuco,Huánuco,San Francisco de Cayran,2505,2434
100108,Huánuco,Huánuco,San Pedro de Chaulan,1400,1439
100109,Huánuco,Huánuco,Santa Maria del Valle,10571,10758
100110,Huánuco,Huánuco,Yarumayo,787,814
100111,Huánuco,Huánuco,Pillco Marca,23395,21381
100112,Huánuco,Huánuco,Yacus,2653,2722
100113,Huánuco,Huánuco,San Pablo de Pillao,4311,4214
100201,Huánuco,Ambo,Ambo,10706,11184
100202,Huánuco,Ambo,Cayna,1298,1349
100203,Huánuco,Ambo,Colpas,829,996
100204,Huánuco,Ambo,Conchamarca,2372,2362
100205,Huánuco,Ambo,Huacar,4101,4044
100206,Huánuco,Ambo,San Francisco,838,797
100207,Huánuco,Ambo,San Rafael,4752,4646
100208,Huánuco,Ambo,Tomay Kichwa,1782,1815
100301,Huánuco,Dos de Mayo,La Unión,3333,3655
100307,Huánuco,Dos de Mayo,Chuquis,1618,1881
100311,Huánuco,Dos de Mayo,Marías,2970,3021
100313,Huánuco,Dos de Mayo,Pachas,2910,2894
100316,Huánuco,Dos de Mayo,Quivilla,638,625
100317,Huánuco,Dos de Mayo,Ripan,2680,2901
100321,Huánuco,Dos de Mayo,Shunqui,840,912
100322,Huánuco,Dos de Mayo,Sillapata,918,966
100323,Huánuco,Dos de Mayo,Yanas,1155,1232
100401,Huánuco,Huacaybamba,Huacaybamba,2974,3045
100402,Huánuco,Huacaybamba,Canchabamba,1313,1490
100403,Huánuco,Huacaybamba,Cochabamba,901,765
100404,Huánuco,Huacaybamba,Pinra,3319,3381
100501,Huánuco,Huamalíes,Llata,6764,7287
100502,Huánuco,Huamalíes,Arancay,711,696
100503,Huánuco,Huamalíes,Chavín de Pariarca,1949,2028
100504,Huánuco,Huamalíes,Jacas Grande,2939,3105
100505,Huánuco,Huamalíes,Jircan,766,727
100506,Huánuco,Huamalíes,Miraflores,1570,1641
100507,Huánuco,Huamalíes,Monzón,6922,6390
100508,Huánuco,Huamalíes,Punchao,1026,1031
100509,Huánuco,Huamalíes,Puños,2028,2261
100510,Huánuco,Huamalíes,Singa,1587,1653
100511,Huánuco,Huamalíes,Tantamayo,937,950
100601,Huánuco,Leoncio Prado,Rupa-Rupa,27324,28014
100602,Huánuco,Leoncio Prado,Daniel Alomía Robles,3570,3273
100603,Huánuco,Leoncio Prado,Hermílio Valdizan,1945,1780
100604,Huánuco,Leoncio Prado,José Crespo y Castillo,11898,11308
100605,Huánuco,Leoncio Prado,Luyando,4638,4692
100606,Huánuco,Leoncio Prado,Mariano Damaso Beraun,5351,5468
100607,Huánuco,Leoncio Prado,Pucayacu,2100,1821
100608,Huánuco,Leoncio Prado,Castillo Grande,7016,6578
100609,Huánuco,Leoncio Prado,Pueblo Nuevo,2356,2118
100610,Huánuco,Leoncio Prado,Santo Domingo de Anda,1474,1278
100701,Huánuco,Marañón,Huacrachuco,7441,7834
100702,Huánuco,Marañón,Cholon,3137,2721
100703,Huánuco,Marañón,San Buenaventura,1071,1134
100704,Huánuco,Marañón,La Morada,1635,1337
100705,Huánuco,Marañón,Santa Rosa de Alto Yanajanca,1323,1059
100801,Huánuco,Pachitea,Panao,9145,9418
100802,Huánuco,Pachitea,Chaglla,5681,5232
100803,Huánuco,Pachitea,Molino,5526,5701
100804,Huánuco,Pachitea,Umari,5951,5987
100901,Huánuco,Puerto Inca,Puerto Inca,5364,4886
100902,Huánuco,Puerto Inca,Codo del Pozuzo,4312,3456
100903,Huánuco,Puerto Inca,Honoria,2745,2224
100904,Huánuco,Puerto Inca,Tournavista,3490,2729
100905,Huánuco,Puerto Inca,Yuyapichis,3507,3120
101001,Huánuco,Lauricocha,Jesús,2032,2330
101002,Huánuco,Lauricocha,Baños,1019,1067
101003,Huánuco,Lauricocha,Jivia,519,543
101004,Huánuco,Lauricocha,Queropalca,541,514
101005,Huánuco,Lauricocha,Rondos,1806,1992
101006,Huánuco,Lauricocha,San Francisco de Asís,652,704
101007,Huánuco,Lauricocha,San Miguel de Cauri,3663,2574
101101,Huánuco,Yarowilca,Chavinillo,2384,2631
101102,Huánuco,Yarowilca,Cahuac,579,645
101103,Huánuco,Yarowilca,Chacabamba,552,612
101104,Huánuco,Yarowilca,Aparicio Pomares,2393,2627
101105,Huánuco,Yarowilca,Jacas Chico,564,596
101106,Huánuco,Yarowilca,Obas,1941,2181
101107,Huánuco,Yarowilca,Pampamarca,548,644
101108,Huánuco,Yarowilca,Choras,1033,1113
110101,Ica,Ica,Ica,76906,78341
110102,Ica,Ica,La Tinguiña,20359,21224
110103,Ica,Ica,Los Aquijes,11286,11596
110104,Ica,Ica,Ocucaje,2386,2297
110105,Ica,Ica,Pachacutec,3753,3830
110106,Ica,Ica,Parcona,27940,28827
110107,Ica,Ica,Pueblo Nuevo,3243,3397
110108,Ica,Ica,Salas,13464,13270
110109,Ica,Ica,San José de Los Molinos,3680,3705
110110,Ica,Ica,San Juan Bautista,7068,7446
110111,Ica,Ica,Santiago,14244,14393
110112,Ica,Ica,Subtanjalla,13960,14635
110113,Ica,Ica,Tate,2335,2499
110114,Ica,Ica,Yauca del Rosario,633,569
110201,Ica,Chincha,Chincha Alta,34691,36888
110202,Ica,Chincha,Alto Laran,4095,3990
110203,Ica,Chincha,Chavin,1799,311
110204,Ica,Chincha,Chincha Baja,6757,7030
110205,Ica,Chincha,El Carmen,6487,6686
110206,Ica,Chincha,Grocio Prado,12991,13516
110207,Ica,Chincha,Pueblo Nuevo,33322,33732
110208,Ica,Chincha,San Juan de Yanac,633,626
110209,Ica,Chincha,San Pedro de Huacarpana,511,521
110210,Ica,Chincha,Sunampe,14852,15434
110211,Ica,Chincha,Tambo de Mora,3006,3006
110301,Ica,Nasca,Nasca,14173,14239
110302,Ica,Nasca,Changuillo,1122,959
110303,Ica,Nasca,El Ingenio,1755,1611
110304,Ica,Nasca,Marcona,8982,7484
110305,Ica,Nasca,Vista Alegre,10776,10829
110401,Ica,Palpa,Palpa,4126,4086
110402,Ica,Palpa,Llipata,819,831
110403,Ica,Palpa,Río Grande,1485,1351
110404,Ica,Palpa,Santa Cruz,509,510
110405,Ica,Palpa,Tibillo,195,169
110501,Ica,Pisco,Pisco,34937,36582
110502,Ica,Pisco,Huancano,766,713
110503,Ica,Pisco,Humay,2830,2809
110504,Ica,Pisco,Independencia,6991,6785
110505,Ica,Pisco,Paracas,3892,3624
110506,Ica,Pisco,San Andrés,7525,7514
110507,Ica,Pisco,San Clemente,12921,13122
110508,Ica,Pisco,Tupac Amaru Inca,8843,9257
120101,Junín,Huancayo,Huancayo,57367,64128
120104,Junín,Huancayo,Carhuacallanga,250,277
120105,Junín,Huancayo,Chacapampa,464,526
120106,Junín,Huancayo,Chicche,375,404
120107,Junín,Huancayo,Chilca,45401,49447
120108,Junín,Huancayo,Chongos Alto,787,762
120111,Junín,Huancayo,Chupuro,972,1102
120112,Junín,Huancayo,Colca,512,559
120113,Junín,Huancayo,Cullhuas,696,720
120114,Junín,Huancayo,El Tambo,80141,88898
120116,Junín,Huancayo,Huacrapuquio,638,775
120117,Junín,Huancayo,Hualhuas,2626,2857
120119,Junín,Huancayo,Huancan,12378,13594
120120,Junín,Huancayo,Huasicancha,439,428
120121,Junín,Huancayo,Huayucachi,4802,5444
120122,Junín,Huancayo,Ingenio,1141,1344
120124,Junín,Huancayo,Pariahuanca,2769,2758
120125,Junín,Huancayo,Pilcomayo,10137,11100
120126,Junín,Huancayo,Pucara,2357,2649
120127,Junín,Huancayo,Quichuay,918,1008
120128,Junín,Huancayo,Quilcas,1822,2193
120129,Junín,Huancayo,San Agustín,7851,8632
120130,Junín,Huancayo,San Jerónimo de Tunan,5714,6514
120132,Junín,Huancayo,Saño,2708,3030
120133,Junín,Huancayo,Sapallanga,10599,11517
120134,Junín,Huancayo,Sicaya,8440,9339
120135,Junín,Huancayo,Santo Domingo de Acobamba,3536,3160
120136,Junín,Huancayo,Viques,1287,1454
120201,Junín,Concepción,Concepción,7672,8497
120202,Junín,Concepción,Aco,841,853
120203,Junín,Concepción,Andamarca,1808,1907
120204,Junín,Concepción,Chambara,1270,1456
120205,Junín,Concepción,Cochas,1034,977
120206,Junín,Concepción,Comas,2844,2934
120207,Junín,Concepción,Heroínas Toledo,466,562
120208,Junín,Concepción,Manzanares,715,813
120209,Junín,Concepción,Mariscal Castilla,747,720
120210,Junín,Concepción,Matahuasi,2834,3205
120211,Junín,Concepción,Mito,671,784
120212,Junín,Concepción,Nueve de Julio,1119,1241
120213,Junín,Concepción,Orcotuna,2413,2532
120214,Junín,Concepción,San José de Quero,2771,3056
120215,Junín,Concepción,Santa Rosa de Ocopa,997,1094
120301,Junín,Chanchamayo,Chanchamayo,14573,13780
120302,Junín,Chanchamayo,Perene,30374,28549
120303,Junín,Chanchamayo,Pichanaqui,22963,21083
120304,Junín,Chanchamayo,San Luis de Shuaro,2384,2013
120305,Junín,Chanchamayo,San Ramón,14195,14313
120306,Junín,Chanchamayo,Vitoc,1076,777
120401,Junín,Jauja,Jauja,9201,9919
120402,Junín,Jauja,Acolla,3090,3395
120403,Junín,Jauja,Apata,2234,2404
120404,Junín,Jauja,Ataura,636,716
120405,Junín,Jauja,Canchayllo,848,852
120406,Junín,Jauja,Curicaca,743,761
120407,Junín,Jauja,El Mantaro,1252,1452
120408,Junín,Jauja,Huamali,806,905
120409,Junín,Jauja,Huaripampa,520,556
120410,Junín,Jauja,Huertas,1050,1089
120411,Junín,Jauja,Janjaillo,252,342
120412,Junín,Jauja,Julcán,359,414
120413,Junín,Jauja,Leonor Ordoñez,794,821
120414,Junín,Jauja,Llocllapampa,591,614
120415,Junín,Jauja,Marco,724,823
120416,Junín,Jauja,Masma,887,964
120417,Junín,Jauja,Masma Chicche,380,390
120418,Junín,Jauja,Molinos,828,817
120419,Junín,Jauja,Monobamba,934,840
120420,Junín,Jauja,Muqui,483,569
120421,Junín,Jauja,Muquiyauyo,1089,1285
120422,Junín,Jauja,Paca,461,477
120423,Junín,Jauja,Paccha,750,773
120424,Junín,Jauja,Pancan,619,666
120425,Junín,Jauja,Parco,565,647
120426,Junín,Jauja,Pomacancha,728,778
120427,Junín,Jauja,Ricran,672,674
120428,Junín,Jauja,San Lorenzo,1246,1429
120429,Junín,Jauja,San Pedro de Chunan,359,365
120430,Junín,Jauja,Sausa,1518,1706
120431,Junín,Jauja,Sincos,2054,2194
120432,Junín,Jauja,Tunan Marca,538,528
120433,Junín,Jauja,Yauli,574,576
120434,Junín,Jauja,Yauyos,4683,5179
120501,Junín,Junín,Junín,5368,6026
120502,Junín,Junín,Carhuamayo,3300,3564
120503,Junín,Junín,Ondores,616,660
120504,Junín,Junín,Ulcumayo,2252,2173
120601,Junín,Satipo,Satipo,20992,20058
120602,Junín,Satipo,Coviriali,3164,3084
120603,Junín,Satipo,Llaylla,3628,3308
120604,Junín,Satipo,Mazamari,20643,19568
120605,Junín,Satipo,Pampa Hermosa,2216,1874
120606,Junín,Satipo,Pangoa,31924,28959
120607,Junín,Satipo,Río Negro,16444,15860
120608,Junín,Satipo,Río Tambo,15017,14114
120609,Junín,Satipo,Vizcatan del Ene,2748,2017
120701,Junín,Tarma,Tarma,23984,26487
120702,Junín,Tarma,Acobamba,4979,5086
120703,Junín,Tarma,Huaricolca,962,1039
120704,Junín,Tarma,Huasahuasi,5395,5296
120705,Junín,Tarma,La Unión,1843,1830
120706,Junín,Tarma,Palca,3015,2960
120707,Junín,Tarma,Palcamayo,1813,1846
120708,Junín,Tarma,San Pedro de Cajas,1785,1919
120709,Junín,Tarma,Tapo,2432,2282
120801,Junín,Yauli,La Oroya,7201,7310
120802,Junín,Yauli,Chacapalpa,337,370
120803,Junín,Yauli,Huay-Huay,1319,721
120804,Junín,Yauli,Marcapomacocha,465,393
120805,Junín,Yauli,Morococha,3530,1692
120806,Junín,Yauli,Paccha,851,829
120807,Junín,Yauli,Santa Bárbara de Carhuacayan,706,428
120808,Junín,Yauli,Santa Rosa de Sacco,4493,4567
120809,Junín,Yauli,Suitucancha,368,374
120810,Junín,Yauli,Yauli,3638,1862
120901,Junín,Chupaca,Chupaca,10036,11353
120902,Junín,Chupaca,Ahuac,3089,3605
120903,Junín,Chupaca,Chongos Bajo,2208,2480
120904,Junín,Chupaca,Huachac,1471,1690
120905,Junín,Chupaca,Huamancaca Chico,5683,3564
120906,Junín,Chupaca,San Juan de Iscos,1092,1222
120907,Junín,Chupaca,San Juan de Jarpa,1237,1551
120908,Junín,Chupaca,Tres de Diciembre,1327,1486
120909,Junín,Chupaca,Yanacancha,1337,1432
130101,La Libertad,Trujillo,Trujillo,155678,172986
130102,La Libertad,Trujillo,El Porvenir,99214,104722
130103,La Libertad,Trujillo,Florencia de Mora,18416,19609
130104,La Libertad,Trujillo,Huanchaco,39349,35424
130105,La Libertad,Trujillo,La Esperanza,98645,105131
130106,La Libertad,Trujillo,Laredo,19856,20180
130107,La Libertad,Trujillo,Moche,19015,20051
130108,La Libertad,Trujillo,Poroto,1920,1873
130109,La Libertad,Trujillo,Salaverry,9918,10279
130110,La Libertad,Trujillo,Simbal,2227,2123
130111,La Libertad,Trujillo,Victor Larco Herrera,34013,37852
130201,La Libertad,Ascope,Ascope,3323,3440
130202,La Libertad,Ascope,Chicama,7664,7901
130203,La Libertad,Ascope,Chocope,4759,4938
130204,La Libertad,Ascope,Magdalena de Cao,1380,1282
130205,La Libertad,Ascope,Paijan,13258,13872
130206,La Libertad,Ascope,Razuri,4593,4418
130207,La Libertad,Ascope,Santiago de Cao,9805,9756
130208,La Libertad,Ascope,Casa Grande,14431,14852
130301,La Libertad,Bolívar,Bolívar,2553,2326
130302,La Libertad,Bolívar,Bambamarca,1584,1591
130303,La Libertad,Bolívar,Condormarca,1080,1039
130304,La Libertad,Bolívar,Longotea,1179,1119
130305,La Libertad,Bolívar,Uchumarca,1257,1188
130306,La Libertad,Bolívar,Ucuncha,451,444
130401,La Libertad,Chepén,Chepén,22882,24489
130402,La Libertad,Chepén,Pacanga,11400,11348
130403,La Libertad,Chepén,Pueblo Nuevo,6260,6192
130501,La Libertad,Julcán,Julcán,6279,6299
130502,La Libertad,Julcán,Calamarca,2662,2570
130503,La Libertad,Julcán,Carabamba,3402,3426
130504,La Libertad,Julcán,Huaso,3182,2978
130601,La Libertad,Otuzco,Otuzco,12687,13352
130602,La Libertad,Otuzco,Agallpampa,5041,5052
130604,La Libertad,Otuzco,Charat,1343,1283
130605,La Libertad,Otuzco,Huaranchal,2223,2002
130606,La Libertad,Otuzco,La Cuesta,351,308
130608,La Libertad,Otuzco,Mache,1450,1431
130610,La Libertad,Otuzco,Paranday,288,267
130611,La Libertad,Otuzco,Salpo,3269,3134
130613,La Libertad,Otuzco,Sinsicap,3742,3808
130614,La Libertad,Otuzco,Usquil,11738,11483
130701,La Libertad,Pacasmayo,San Pedro de Lloc,9011,9295
130702,La Libertad,Pacasmayo,Guadalupe,20196,21615
130703,La Libertad,Pacasmayo,Jequetepeque,2120,2138
130704,La Libertad,Pacasmayo,Pacasmayo,14564,15675
130705,La Libertad,Pacasmayo,San José,6039,6166
130801,La Libertad,Pataz,Tayabamba,6555,7086
130802,La Libertad,Pataz,Buldibuyo,2161,1918
130803,La Libertad,Pataz,Chillia,6300,6338
130804,La Libertad,Pataz,Huancaspata,3120,3272
130805,La Libertad,Pataz,Huaylillas,674,554
130806,La Libertad,Pataz,Huayo,1919,1860
130807,La Libertad,Pataz,Ongon,743,658
130808,La Libertad,Pataz,Parcoy,12316,7422
130809,La Libertad,Pataz,Pataz,5443,4382
130810,La Libertad,Pataz,Pias,894,896
130811,La Libertad,Pataz,Santiago de Challas,1152,1199
130812,La Libertad,Pataz,Taurija,1478,1502
130813,La Libertad,Pataz,Urpay,1089,1105
130901,La Libertad,Sánchez Carrión,Huamachuco,35087,37177
130902,La Libertad,Sánchez Carrión,Chugay,9105,9472
130903,La Libertad,Sánchez Carrión,Cochorco,4762,4845
130904,La Libertad,Sánchez Carrión,Curgos,4094,4429
130905,La Libertad,Sánchez Carrión,Marcabal,5684,6140
130906,La Libertad,Sánchez Carrión,Sanagoran,6978,7250
130907,La Libertad,Sánchez Carrión,Sarin,4590,4996
130908,La Libertad,Sánchez Carrión,Sartimbamba,6746,7017
131001,La Libertad,Santiago de Chuco,Santiago de Chuco,9974,9923
131002,La Libertad,Santiago de Chuco,Angasmarca,2496,2601
131003,La Libertad,Santiago de Chuco,Cachicadan,2884,2966
131004,La Libertad,Santiago de Chuco,Mollebamba,894,940
131005,La Libertad,Santiago de Chuco,Mollepata,1151,1307
131006,La Libertad,Santiago de Chuco,Quiruvilca,7204,6313
131007,La Libertad,Santiago de Chuco,Santa Cruz de Chuca,1506,1523
131008,La Libertad,Santiago de Chuco,Sitabamba,1846,1779
131101,La Libertad,Gran Chimú,Cascas,7278,6776
131102,La Libertad,Gran Chimú,Lucma,2651,2296
131103,La Libertad,Gran Chimú,Marmot,1402,1089
131104,La Libertad,Gran Chimú,Sayapullo,3481,3189
131201,La Libertad,Virú,Virú,27452,27607
131202,La Libertad,Virú,Chao,17374,17051
131203,La Libertad,Virú,Guadalupito,3667,3540
140101,Lambayeque,Chiclayo,Chiclayo,131485,146440
140102,Lambayeque,Chiclayo,Chongoyape,9357,9512
140103,Lambayeque,Chiclayo,Eten,5989,6379
140104,Lambayeque,Chiclayo,Eten Puerto,1139,1219
140105,Lambayeque,Chiclayo,José Leonardo Ortiz,78358,83629
140106,Lambayeque,Chiclayo,La Victoria,44744,48053
140107,Lambayeque,Chiclayo,Lagunas,5150,5186
140108,Lambayeque,Chiclayo,Monsefu,16198,17431
140109,Lambayeque,Chiclayo,Nueva Arica,1243,1230
140110,Lambayeque,Chiclayo,Oyotun,4338,4190
140111,Lambayeque,Chiclayo,Picsi,8309,4731
140112,Lambayeque,Chiclayo,Pimentel,22621,24143
140113,Lambayeque,Chiclayo,Reque,7880,8425
140114,Lambayeque,Chiclayo,Santa Rosa,6437,6553
140115,Lambayeque,Chiclayo,Saña,6049,6148
140116,Lambayeque,Chiclayo,Cayalti,7525,7829
140117,Lambayeque,Chiclayo,Patapo,11725,11990
140118,Lambayeque,Chiclayo,Pomalca,12563,13170
140119,Lambayeque,Chiclayo,Pucala,4381,4546
140120,Lambayeque,Chiclayo,Tuman,14125,14826
140201,Lambayeque,Ferreñafe,Ferreñafe,17324,18669
140202,Lambayeque,Ferreñafe,Cañaris,6098,6106
140203,Lambayeque,Ferreñafe,Incahuasi,7065,7608
140204,Lambayeque,Ferreñafe,Manuel Antonio Mesones Muro,2061,2027
140205,Lambayeque,Ferreñafe,Pitipo,10574,10632
140206,Lambayeque,Ferreñafe,Pueblo Nuevo,7302,7543
140301,Lambayeque,Lambayeque,Lambayeque,36244,38649
140302,Lambayeque,Lambayeque,Chochope,725,744
140303,Lambayeque,Lambayeque,Illimo,4560,4684
140304,Lambayeque,Lambayeque,Jayanca,9140,9440
140305,Lambayeque,Lambayeque,Mochumi,9362,9710
140306,Lambayeque,Lambayeque,Morrope,25677,25594
140307,Lambayeque,Lambayeque,Motupe,15521,15574
140308,Lambayeque,Lambayeque,Olmos,25945,24306
140309,Lambayeque,Lambayeque,Pacora,4090,4138
140310,Lambayeque,Lambayeque,Salas,6643,6597
140311,Lambayeque,Lambayeque,San José,7705,8423
140312,Lambayeque,Lambayeque,Tucume,11328,11767
150101,Lima,Lima,Lima,132668,140474
150102,Lima,Lima,Ancón,35890,31342
150103,Lima,Lima,Ate,307306,316866
150104,Lima,Lima,Barranco,16516,18863
150105,Lima,Lima,Breña,42784,47630
150106,Lima,Lima,Carabayllo,173738,177251
150107,Lima,Lima,Chaclacayo,20990,22410
150108,Lima,Lima,Chorrillos,166678,173024
150109,Lima,Lima,Cieneguilla,17935,17949
150110,Lima,Lima,Comas,272706,280831
150111,Lima,Lima,El Agustino,104831,107334
150112,Lima,Lima,Independencia,108201,110962
150113,Lima,Lima,Jesús María,35102,42853
150114,Lima,Lima,La Molina,72337,81277
150115,Lima,Lima,La Victoria,93423,95660
150116,Lima,Lima,Lince,27045,31415
150117,Lima,Lima,Los Olivos,166802,177076
150118,Lima,Lima,Lurigancho,127481,128814
150119,Lima,Lima,Lurin,49292,48211
150120,Lima,Lima,Magdalena del Mar,28265,33391
150121,Lima,Lima,Pueblo Libre,40645,48554
150122,Lima,Lima,Miraflores,47196,55894
150123,Lima,Lima,Pachacamac,60596,61386
150124,Lima,Lima,Pucusana,7655,7470
150125,Lima,Lima,Puente Piedra,176467,177884
150126,Lima,Lima,Punta Hermosa,8692,8105
150127,Lima,Lima,Punta Negra,3797,3709
150128,Lima,Lima,Rímac,87683,91327
150129,Lima,Lima,San Bartolo,4025,3980
150130,Lima,Lima,San Borja,56115,65678
150131,Lima,Lima,San Isidro,29180,36153
150132,Lima,Lima,San Juan de Lurigancho,560319,554000
150133,Lima,Lima,San Juan de Miraflores,197891,203207
150134,Lima,Lima,San Luis,26903,28515
150135,Lima,Lima,San Martín de Porres,345469,359530
150136,Lima,Lima,San Miguel,76415,86174
150137,Lima,Lima,Santa Anita,105288,107784
150138,Lima,Lima,Santa María del Mar,543,506
150139,Lima,Lima,Santa Rosa,14642,14629
150140,Lima,Lima,Santiago de Surco,176754,202224
150141,Lima,Lima,Surquillo,45917,51735
150142,Lima,Lima,Villa el Salvador,205499,208501
150143,Lima,Lima,Villa María del Triunfo,209308,214756
150201,Lima,Barranca,Barranca,36415,37231
150202,Lima,Barranca,Paramonga,11713,11886
150203,Lima,Barranca,Pativilca,9230,9518
150204,Lima,Barranca,Supe,13043,12649
150205,Lima,Barranca,Supe Puerto,6701,7001
150301,Lima,Cajatambo,Cajatambo,1118,1103
150302,Lima,Cajatambo,Copa,431,493
150303,Lima,Cajatambo,Gorgor,941,885
150304,Lima,Cajatambo,Huancapon,509,543
150305,Lima,Cajatambo,Manas,591,455
150401,Lima,Canta,Canta,1354,1163
150402,Lima,Canta,Arahuay,357,287
150403,Lima,Canta,Huamantanga,416,336
150404,Lima,Canta,Huaros,428,409
150405,Lima,Canta,Lachaqui,500,452
150406,Lima,Canta,San Buenaventura,329,279
150407,Lima,Canta,Santa Rosa de Quives,3175,3123
150501,Lima,Cañete,San Vicente de Cañete,29017,30585
150502,Lima,Cañete,Asia,5111,5114
150503,Lima,Cañete,Calango,1310,1191
150504,Lima,Cañete,Cerro Azul,4385,4322
150505,Lima,Cañete,Chilca,11551,10985
150506,Lima,Cañete,Coayllo,556,539
150507,Lima,Cañete,Imperial,19882,20375
150508,Lima,Cañete,Lunahuana,2197,2217
150509,Lima,Cañete,Mala,17275,16938
150510,Lima,Cañete,Nuevo Imperial,14415,13025
150511,Lima,Cañete,Pacaran,882,897
150512,Lima,Cañete,Quilmana,8161,8382
150513,Lima,Cañete,San Antonio,2306,2337
150514,Lima,Cañete,San Luis,6704,6927
150515,Lima,Cañete,Santa Cruz de Flores,1675,1535
150516,Lima,Cañete,Zúñiga,785,672
150601,Lima,Huaral,Huaral,53327,53699
150602,Lima,Huaral,Atavillos Alto,408,343
150603,Lima,Huaral,Atavillos Bajo,522,454
150604,Lima,Huaral,Aucallama,12190,8854
150605,Lima,Huaral,Chancay,30512,31106
150606,Lima,Huaral,Ihuari,1189,1064
150607,Lima,Huaral,Lampian,196,170
150608,Lima,Huaral,Pacaraos,579,557
150609,Lima,Huaral,San Miguel de Acos,418,274
150610,Lima,Huaral,Santa Cruz de Andamarca,625,243
150611,Lima,Huaral,Sumbilca,430,363
150612,Lima,Huaral,Veintisiete de Noviembre,216,224
150701,Lima,Huarochirí,Matucana,2247,2150
150702,Lima,Huarochirí,Antioquia,710,638
150703,Lima,Huarochirí,Callahuanca,464,407
150704,Lima,Huarochirí,Carampoma,187,179
150705,Lima,Huarochirí,Chicla,2691,1354
150706,Lima,Huarochirí,Cuenca,256,224
150707,Lima,Huarochirí,Huachupampa,337,312
150708,Lima,Huarochirí,Huanza,540,386
150709,Lima,Huarochirí,Huarochirí,684,728
150710,Lima,Huarochirí,Lahuaytambo,362,319
150711,Lima,Huarochirí,Langa,454,495
150712,Lima,Huarochirí,San Pedro de Laraos,360,345
150713,Lima,Huarochirí,Mariatana,795,716
150714,Lima,Huarochirí,Ricardo Palma,3470,3431
150715,Lima,Huarochirí,San Andrés de Tupicocha,748,686
150716,Lima,Huarochirí,San Antonio,686,335
150717,Lima,Huarochirí,San Bartolomé,660,620
150718,Lima,Huarochirí,San Damian,663,618
150719,Lima,Huarochirí,San Juan de Iris,364,381
150720,Lima,Huarochirí,San Juan de Tantaranche,206,191
150721,Lima,Huarochirí,San Lorenzo de Quinti,701,605
150722,Lima,Huarochirí,San Mateo,2268,2189
150723,Lima,Huarochirí,San Mateo de Otao,805,726
150724,Lima,Huarochirí,San Pedro de Casta,509,506
150725,Lima,Huarochirí,San Pedro de Huancayre,112,114
150726,Lima,Huarochirí,Sangallaya,374,314
150727,Lima,Huarochirí,Santa Cruz de Cocachacra,1440,1305
150728,Lima,Huarochirí,Santa Eulalia,6738,6925
150729,Lima,Huarochirí,Santiago de Anchucaya,159,185
150730,Lima,Huarochirí,Santiago de Tuna,247,206
150731,Lima,Huarochirí,Santo Domingo de los Olleros,1816,1653
150732,Lima,Huarochirí,Surco,816,742
150801,Lima,Huaura,Huacho,33782,35639
150802,Lima,Huaura,Ambar,1243,1081
150803,Lima,Huaura,Caleta de Carquin,5240,3078
150804,Lima,Huaura,Checras,510,501
150805,Lima,Huaura,Hualmay,14487,15185
150806,Lima,Huaura,Huaura,18539,18623
150807,Lima,Huaura,Leoncio Prado,1100,958
150808,Lima,Huaura,Paccho,868,825
150809,Lima,Huaura,Santa Leonor,431,391
150810,Lima,Huaura,Santa María,19422,19257
150811,Lima,Huaura,Sayan,12995,12214
150812,Lima,Huaura,Vegueta,13697,13531
150901,Lima,Oyón,Oyón,6930,5834
150902,Lima,Oyón,Andajes,282,319
150903,Lima,Oyón,Caujul,306,316
150904,Lima,Oyón,Cochamarca,604,567
150905,Lima,Oyón,Navan,485,434
150906,Lima,Oyón,Pachangara,1398,1281
151001,Lima,Yauyos,Yauyos,806,776
151002,Lima,Yauyos,Alis,1323,240
151003,Lima,Yauyos,Allauca,678,579
151004,Lima,Yauyos,Ayaviri,297,298
151005,Lima,Yauyos,Azangaro,253,219
151006,Lima,Yauyos,Cacra,285,275
151007,Lima,Yauyos,Carania,92,91
151008,Lima,Yauyos,Catahuasi,593,551
151009,Lima,Yauyos,Chocos,446,431
151010,Lima,Yauyos,Cochas,120,122
151011,Lima,Yauyos,Colonia,620,606
151012,Lima,Yauyos,Hongos,181,181
151013,Lima,Yauyos,Huampara,86,80
151014,Lima,Yauyos,Huancaya,363,267
151015,Lima,Yauyos,Huangascar,350,344
151016,Lima,Yauyos,Huantan,641,345
151017,Lima,Yauyos,Huañec,260,214
151018,Lima,Yauyos,Laraos,302,324
151019,Lima,Yauyos,Lincha,259,243
151020,Lima,Yauyos,Madean,290,333
151021,Lima,Yauyos,Miraflores,123,140
151022,Lima,Yauyos,Omas,356,308
151023,Lima,Yauyos,Putinza,270,265
151024,Lima,Yauyos,Quinches,348,334
151025,Lima,Yauyos,Quinocay,265,211
151026,Lima,Yauyos,San Joaquín,106,79
151027,Lima,Yauyos,San Pedro de Pilas,171,140
151028,Lima,Yauyos,Tanta,282,252
151029,Lima,Yauyos,Tauripampa,285,253
151030,Lima,Yauyos,Tomas,305,294
151031,Lima,Yauyos,Tupe,256,298
151032,Lima,Yauyos,Viñac,849,914
151033,Lima,Yauyos,Vitis,175,157
160101,Loreto,Maynas,Iquitos,79381,81116
160102,Loreto,Maynas,Alto Nanay,1643,1439
160103,Loreto,Maynas,Fernando Lores,7998,6959
160104,Loreto,Maynas,Indiana,6120,5528
160105,Loreto,Maynas,Las Amazonas,4664,4096
160106,Loreto,Maynas,Mazan,6931,6761
160107,Loreto,Maynas,Napo,8729,8037
160108,Loreto,Maynas,Punchana,42270,42777
160110,Loreto,Maynas,Torres Causana,2514,2433
160112,Loreto,Maynas,Belén,35145,34463
160113,Loreto,Maynas,San Juan Bautista,68608,70254
160201,Loreto,Alto Amazonas,Yurimaguas,46707,46175
160202,Loreto,Alto Amazonas,Balsapuerto,8091,7993
160205,Loreto,Alto Amazonas,Jeberos,2296,2199
160206,Loreto,Alto Amazonas,Lagunas,6848,6572
160210,Loreto,Alto Amazonas,Santa Cruz,2207,1967
160211,Loreto,Alto Amazonas,Teniente Cesar López Rojas,3226,2834
160301,Loreto,Loreto,Nauta,16031,15989
160302,Loreto,Loreto,Parinari,3389,2994
160303,Loreto,Loreto,Tigre,3900,3504
160304,Loreto,Loreto,Trompeteros,5154,4667
160305,Loreto,Loreto,Urarinas,6693,6360
160401,Loreto,Mariscal Ramón Castilla,Ramón Castilla,11618,10738
160402,Loreto,Mariscal Ramón Castilla,Pebas,6652,6042
160403,Loreto,Mariscal Ramón Castilla,Yavari,5137,4791
160404,Loreto,Mariscal Ramón Castilla,San Pablo,6453,5935
160501,Loreto,Requena,Requena,13445,13787
160502,Loreto,Requena,Alto Tapiche,883,784
160503,Loreto,Requena,Capelo,1355,1284
160504,Loreto,Requena,Emilio San Martín,3582,3187
160505,Loreto,Requena,Maquia,4389,3995
160506,Loreto,Requena,Puinahua,2467,2215
160507,Loreto,Requena,Saquena,1810,1628
160508,Loreto,Requena,Soplin,383,283
160509,Loreto,Requena,Tapiche,525,430
160510,Loreto,Requena,Jenaro Herrera,2620,2404
160511,Loreto,Requena,Yaquerana,1143,1115
160601,Loreto,Ucayali,Contamana,13484,13341
160602,Loreto,Ucayali,Inahuaya,972,816
160603,Loreto,Ucayali,Padre Márquez,2016,1788
160604,Loreto,Ucayali,Pampa Hermosa,3359,2967
160605,Loreto,Ucayali,Sarayacu,7915,7134
160606,Loreto,Ucayali,Vargas Guerra,3926,3646
160701,Loreto,Datem del Marañón,Barranca,7601,7231
160702,Loreto,Datem del Marañón,Cahuapanas,3790,3822
160703,Loreto,Datem del Marañón,Manseriche,4738,4515
160704,Loreto,Datem del Marañón,Morona,2502,2333
160705,Loreto,Datem del Marañón,Pastaza,3046,3051
160706,Loreto,Datem del Marañón,Andoas,6957,7112
160801,Loreto,Putumayo,Putumayo,2244,1976
160802,Loreto,Putumayo,Rosa Panduro,350,253
160803,Loreto,Putumayo,Teniente Manuel Clavero,1534,1284
160804,Loreto,Putumayo,Yaguas,797,655
170101,Madre de Dios,Tambopata,Tambopata,48176,44529
170102,Madre de Dios,Tambopata,Inambari,7176,6464
170103,Madre de Dios,Tambopata,Las Piedras,7839,7044
170104,Madre de Dios,Tambopata,Laberinto,3310,2973
170201,Madre de Dios,Manu,Manu,1349,1139
170202,Madre de Dios,Manu,Fitzcarrald,794,731
170203,Madre de Dios,Manu,Madre de Dios,3916,3385
170204,Madre de Dios,Manu,Huepetuhe,5623,4446
170301,Madre de Dios,Tahuamanu,Iñapari,1604,1152
170302,Madre de Dios,Tahuamanu,Iberia,3380,2790
170303,Madre de Dios,Tahuamanu,Tahuamanu,1893,1491
180101,Moquegua,Mariscal Nieto,Moquegua,34010,34263
180102,Moquegua,Mariscal Nieto,Carumas,1366,1130
180103,Moquegua,Mariscal Nieto,Cuchumbaya,441,366
180104,Moquegua,Mariscal Nieto,Samegua,4660,4264
180105,Moquegua,Mariscal Nieto,San Cristóbal,929,854
180106,Moquegua,Mariscal Nieto,Torata,4188,2376
180201,Moquegua,General Sánchez Cerro,Omate,1702,1564
180202,Moquegua,General Sánchez Cerro,Chojata,394,360
180203,Moquegua,General Sánchez Cerro,Coalaque,521,507
180204,Moquegua,General Sánchez Cerro,Ichuña,1662,1545
180205,Moquegua,General Sánchez Cerro,La Capilla,371,310
180206,Moquegua,General Sánchez Cerro,Lloque,336,268
180207,Moquegua,General Sánchez Cerro,Matalaque,245,242
180208,Moquegua,General Sánchez Cerro,Puquina,1324,1284
180209,Moquegua,General Sánchez Cerro,Quinistaquillas,298,261
180210,Moquegua,General Sánchez Cerro,Ubinas,967,910
180211,Moquegua,General Sánchez Cerro,Yunga,480,461
180301,Moquegua,Ilo,Ilo,34281,34505
180302,Moquegua,Ilo,El Algarrobal,1888,1836
180303,Moquegua,Ilo,Pacocha,2311,2337
190101,Pasco,Pasco,Chaupimarca,12896,14522
190102,Pasco,Pasco,Huachon,2341,2297
190103,Pasco,Pasco,Huariaca,3430,3771
190104,Pasco,Pasco,Huayllay,5649,4099
190105,Pasco,Pasco,Ninacaca,1980,2131
190106,Pasco,Pasco,Pallanchacra,918,923
190107,Pasco,Pasco,Paucartambo,5955,5682
190108,Pasco,Pasco,San Francisco de Asís de Yarusyacan,2719,2027
190109,Pasco,Pasco,Simon Bolívar,6466,6563
190110,Pasco,Pasco,Ticlacayan,1677,1786
190111,Pasco,Pasco,Tinyahuarco,4015,3012
190112,Pasco,Pasco,Vicco,1995,1566
190113,Pasco,Pasco,Yanacancha,15385,15875
190201,Pasco,Daniel Alcides Carrión,Yanahuanca,5922,6138
190202,Pasco,Daniel Alcides Carrión,Chacayan,1039,1097
190203,Pasco,Daniel Alcides Carrión,Goyllarisquizga,781,836
190204,Pasco,Daniel Alcides Carrión,Paucar,885,986
190205,Pasco,Daniel Alcides Carrión,San Pedro de Pillao,716,726
190206,Pasco,Daniel Alcides Carrión,Santa Ana de Tusi,11627,11007
190207,Pasco,Daniel Alcides Carrión,Tapuc,1231,1238
190208,Pasco,Daniel Alcides Carrión,Vilcabamba,1037,1021
190301,Pasco,Oxapampa,Oxapampa,8249,8316
190302,Pasco,Oxapampa,Chontabamba,2827,2810
190303,Pasco,Oxapampa,Huancabamba,3650,3241
190304,Pasco,Oxapampa,Palcazu,4364,3893
190305,Pasco,Oxapampa,Pozuzo,2632,2496
190306,Pasco,Oxapampa,Puerto Bermúdez,10094,9604
190307,Pasco,Oxapampa,Villa Rica,9531,9232
190308,Pasco,Oxapampa,Constitución,7899,7331
200101,Piura,Piura,Piura,79441,85350
200104,Piura,Piura,Castilla,83032,83652
200105,Piura,Piura,Catacaos,37777,38717
200107,Piura,Piura,Cura Mori,9672,9393
200108,Piura,Piura,El Tallan,2775,2678
200109,Piura,Piura,La Arena,19733,19441
200110,Piura,Piura,La Unión,20687,21139
200111,Piura,Piura,Las Lomas,14451,13836
200114,Piura,Piura,Tambo Grande,59379,56498
200115,Piura,Piura,Veintiseis de Octubre,83007,87685
200201,Piura,Ayabaca,Ayabaca,16842,16640
200202,Piura,Ayabaca,Frias,10835,10515
200203,Piura,Ayabaca,Jilili,1380,1306
200204,Piura,Ayabaca,Lagunas,2959,2921
200205,Piura,Ayabaca,Montero,3440,3219
200206,Piura,Ayabaca,Pacaipampa,11649,11539
200207,Piura,Ayabaca,Paimas,5160,4900
200208,Piura,Ayabaca,Sapillica,5516,5385
200209,Piura,Ayabaca,Sicchez,898,830
200210,Piura,Ayabaca,Suyo,6107,5694
200301,Piura,Huancabamba,Huancabamba,14123,14992
200302,Piura,Huancabamba,Canchaque,3964,3793
200303,Piura,Huancabamba,El Carmen de la Frontera,5698,6086
200304,Piura,Huancabamba,Huarmaca,18688,18579
200305,Piura,Huancabamba,Lalaquiz,2153,2135
200306,Piura,Huancabamba,San Miguel de El Faique,4509,4675
200307,Piura,Huancabamba,Sondor,3753,3741
200308,Piura,Huancabamba,Sondorillo,5313,5545
200401,Piura,Morropón,Chulucanas,42643,42813
200402,Piura,Morropón,Buenos Aires,4957,4778
200403,Piura,Morropón,Chalaco,4054,3940
200404,Piura,Morropón,La Matanza,7254,7091
200405,Piura,Morropón,Morropón,7749,7708
200406,Piura,Morropón,Salitral,4517,4306
200407,Piura,Morropón,San Juan de Bigote,3440,3215
200408,Piura,Morropón,Santa Catalina de Mossa,1955,1891
200409,Piura,Morropón,Santo Domingo,3161,3127
200410,Piura,Morropón,Yamango,4530,4332
200501,Piura,Paita,Paita,45997,47443
200502,Piura,Paita,Amotape,1267,1170
200503,Piura,Paita,Arenal,596,599
200504,Piura,Paita,Colan,7945,7663
200505,Piura,Paita,La Huaca,6716,6473
200506,Piura,Paita,Tamarindo,2532,2506
200507,Piura,Paita,Vichayal,2997,2804
200601,Piura,Sullana,Sullana,86883,92226
200602,Piura,Sullana,Bellavista,18543,19135
200603,Piura,Sullana,Ignacio Escudero,10360,10119
200604,Piura,Sullana,Lancones,6787,6241
200605,Piura,Sullana,Marcavelica,15392,14958
200606,Piura,Sullana,Miguel Checa,4734,4672
200607,Piura,Sullana,Querecotillo,13425,13450
200608,Piura,Sullana,Salitral,3615,3576
200701,Piura,Talara,Pariñas,50370,49181
200702,Piura,Talara,El Alto,4291,4121
200703,Piura,Talara,La Brea,6219,6614
200704,Piura,Talara,Lobitos,763,619
200705,Piura,Talara,Los Organos,5612,5385
200706,Piura,Talara,Mancora,6537,6536
200801,Piura,Sechura,Sechura,23033,22744
200802,Piura,Sechura,Bellavista de la Unión,2450,2391
200803,Piura,Sechura,Bernal,3628,3548
200804,Piura,Sechura,Cristo Nos Valga,2278,2219
200805,Piura,Sechura,Vice,7891,8399
200806,Piura,Sechura,Rinconada Llicuar,1510,1520
210101,Puno,Puno,Puno,68757,70339
210102,Puno,Puno,Acora,12039,12215
210103,Puno,Puno,Amantani,1674,1883
210104,Puno,Puno,Atuncolla,2331,2486
210105,Puno,Puno,Capachica,3685,4141
210106,Puno,Puno,Chucuito,3491,3935
210107,Puno,Puno,Coata,3347,3594
210108,Puno,Puno,Huata,1591,1711
210109,Puno,Puno,Mañazo,2535,2789
210110,Puno,Puno,Paucarcolla,2177,2254
210111,Puno,Puno,Pichacani,2825,3064
210112,Puno,Puno,Plateria,3699,3770
210113,Puno,Puno,San Antonio,1354,1295
210114,Puno,Puno,Tiquillaca,804,884
210115,Puno,Puno,Vilque,1512,1484
210201,Puno,Azángaro,Azángaro,15036,15697
210202,Puno,Azángaro,Achaya,1483,1497
210203,Puno,Azángaro,Arapa,3549,3807
210204,Puno,Azángaro,Asillo,7242,7919
210205,Puno,Azángaro,Caminaca,1486,1629
210206,Puno,Azángaro,Chupa,3274,3561
210207,Puno,Azángaro,José Domingo Choquehuanca,2348,2480
210208,Puno,Azángaro,Muñani,3410,3566
210209,Puno,Azángaro,Potoni,1973,2121
210210,Puno,Azángaro,Saman,4930,5132
210211,Puno,Azángaro,San Anton,3646,4007
210212,Puno,Azángaro,San José,2373,2727
210213,Puno,Azángaro,San Juan de Salinas,1445,1624
210214,Puno,Azángaro,Santiago de Pupuja,2209,2516
210215,Puno,Azángaro,Tirapata,1422,1563
210301,Puno,Carabaya,Macusani,6621,7010
210302,Puno,Carabaya,Ajoyani,1198,1156
210303,Puno,Carabaya,Ayapata,5336,4165
210304,Puno,Carabaya,Coasa,3502,3379
210305,Puno,Carabaya,Corani,2275,2207
210306,Puno,Carabaya,Crucero,4860,4881
210307,Puno,Carabaya,Ituata,4726,3272
210308,Puno,Carabaya,Ollachea,3182,2992
210309,Puno,Carabaya,San Gaban,4114,2947
210310,Puno,Carabaya,Usicayos,4971,4261
210401,Puno,Chucuito,Juli,10157,10837
210402,Puno,Chucuito,Desaguadero,7288,6978
210403,Puno,Chucuito,Huacullani,5068,4560
210404,Puno,Chucuito,Kelluyo,4074,3817
210405,Puno,Chucuito,Pisacoma,4658,4126
210406,Puno,Chucuito,Pomata,7206,7441
210407,Puno,Chucuito,Zepita,8980,8833
210501,Puno,El Collao,Ilave,24578,24876
210502,Puno,El Collao,Capazo,624,592
210503,Puno,El Collao,Pilcuyo,5539,5792
210504,Puno,El Collao,Santa Rosa,1868,1833
210505,Puno,El Collao,Conduriri,1374,1326
210601,Puno,Huancané,Huancané,9233,10037
210602,Puno,Huancané,Cojata,2044,1994
210603,Puno,Huancané,Huatasani,1634,1662
210604,Puno,Huancané,Inchupalla,1332,1419
210605,Puno,Huancané,Pusi,2586,2725
210606,Puno,Huancané,Rosaspata,2097,2189
210607,Puno,Huancané,Taraco,6619,7012
210608,Puno,Huancané,Vilque Chico,3810,3986
210701,Puno,Lampa,Lampa,5502,6139
210702,Puno,Lampa,Cabanilla,2749,3099
210703,Puno,Lampa,Calapuja,800,890
210704,Puno,Lampa,Nicasio,1179,1294
210705,Puno,Lampa,Ocuviri,1379,1043
210706,Puno,Lampa,Palca,948,982
210707,Puno,Lampa,Paratia,1479,1424
210708,Puno,Lampa,Pucara,2600,2936
210709,Puno,Lampa,Santa Lucia,3505,3951
210710,Puno,Lampa,Vilavila,653,655
210801,Puno,Melgar,Ayaviri,12079,12978
210802,Puno,Melgar,Antauta,3241,2315
210803,Puno,Melgar,Cupi,1044,1072
210804,Puno,Melgar,Llalli,1263,1469
210805,Puno,Melgar,Macari,3620,3730
210806,Puno,Melgar,Nuñoa,4314,4501
210807,Puno,Melgar,Orurillo,3812,4229
210808,Puno,Melgar,Santa Rosa,3159,3261
210809,Puno,Melgar,Umachiri,1937,1960
210901,Puno,Moho  ,Moho,5707,6170
210902,Puno,Moho  ,Conima,1609,1680
210903,Puno,Moho  ,Huayrapata,1334,1408
210904,Puno,Moho  ,Tilali,1215,1387
211001,Puno,San Antonio de Putina,Putina,7319,7677
211002,Puno,San Antonio de Putina,Ananea,7564,5401
211003,Puno,San Antonio de Putina,Pedro Vilca Apaza,994,1022
211004,Puno,San Antonio de Putina,Quilcapuncu,2777,2658
211005,Puno,San Antonio de Putina,Sina,915,836
211101,Puno,San Román,Juliaca,115782,119328
211102,Puno,San Román,Cabana,2446,2769
211103,Puno,San Román,Cabanillas,2131,2513
211104,Puno,San Román,Caracoto,3514,3605
211105,Puno,San Román,San Miguel,32551,32871
211201,Puno,Sandia,Sandia,5732,5688
211202,Puno,Sandia,Cuyocuyo,2836,2732
211203,Puno,Sandia,Limbani,1843,1515
211204,Puno,Sandia,Patambuco,2048,2170
211205,Puno,Sandia,Phara,3195,2658
211206,Puno,Sandia,Quiaca,1303,987
211207,Puno,Sandia,San Juan del Oro,2176,1879
211208,Puno,Sandia,Yanahuaya,1160,1013
211209,Puno,Sandia,Alto Inambari,4174,3313
211210,Puno,Sandia,San Pedro de Putina Punco,5741,4558
211301,Puno,Yunguyo,Yunguyo,12474,12960
211302,Puno,Yunguyo,Anapia,892,944
211303,Puno,Yunguyo,Copani,2498,2513
211304,Puno,Yunguyo,Cuturapi,718,668
211305,Puno,Yunguyo,Ollaraya,1431,1469
211306,Puno,Yunguyo,Tinicachi,470,504
211307,Puno,Yunguyo,Unicachi,513,592
220101,San Martín,Moyobamba,Moyobamba,41446,39638
220102,San Martín,Moyobamba,Calzada,2380,2260
220103,San Martín,Moyobamba,Habana,889,802
220104,San Martín,Moyobamba,Jepelacio,8446,8073
220105,San Martín,Moyobamba,Soritor,11581,11501
220106,San Martín,Moyobamba,Yantalo,1511,1382
220201,San Martín,Bellavista,Bellavista,9077,8609
220202,San Martín,Bellavista,Alto Biavo,4592,4123
220203,San Martín,Bellavista,Bajo Biavo,7688,6646
220204,San Martín,Bellavista,Huallaga,1465,1291
220205,San Martín,Bellavista,San Pablo,4489,4245
220206,San Martín,Bellavista,San Rafael,3177,2968
220301,San Martín,El Dorado,San José de Sisa,8350,7826
220302,San Martín,El Dorado,Agua Blanca,1272,1131
220303,San Martín,El Dorado,San Martín,6462,5769
220304,San Martín,El Dorado,Santa Rosa,3637,3376
220305,San Martín,El Dorado,Shatoja,1617,1477
220401,San Martín,Huallaga,Saposoa,7341,6928
220402,San Martín,Huallaga,Alto Saposoa,2507,2178
220403,San Martín,Huallaga,El Eslabón,1120,1033
220404,San Martín,Huallaga,Piscoyacu,2352,2120
220405,San Martín,Huallaga,Sacanche,1328,1148
220406,San Martín,Huallaga,Tingo de Saposoa,409,407
220501,San Martín,Lamas,Lamas,7428,7624
220502,San Martín,Lamas,Alonso de Alvarado,7507,7131
220503,San Martín,Lamas,Barranquita,3654,3304
220504,San Martín,Lamas,Caynarachi,5425,4920
220505,San Martín,Lamas,Cuñumbuqui,1755,1595
220506,San Martín,Lamas,Pinto Recodo,4772,4437
220507,San Martín,Lamas,Rumisapa,1787,1765
220508,San Martín,Lamas,San Roque de Cumbaza,849,830
220509,San Martín,Lamas,Shanao,1015,1023
220510,San Martín,Lamas,Tabalosos,7182,7056
220511,San Martín,Lamas,Zapatero,2981,2708
220601,San Martín,Mariscal Cáceres,Juanjuí,16841,15819
220602,San Martín,Mariscal Cáceres,Campanilla,7858,6927
220603,San Martín,Mariscal Cáceres,Huicungo,4559,4110
220604,San Martín,Mariscal Cáceres,Pachiza,3304,2887
220605,San Martín,Mariscal Cáceres,Pajarillo,3022,2666
220701,San Martín,Picota,Picota,5546,5185
220702,San Martín,Picota,Buenos Aires,1605,1458
220703,San Martín,Picota,Caspisapa,1089,1048
220704,San Martín,Picota,Pilluana,467,419
220705,San Martín,Picota,Pucacaca,1559,1437
220706,San Martín,Picota,San Cristóbal,614,609
220707,San Martín,Picota,San Hilarión,2023,1925
220708,San Martín,Picota,Shamboyacu,5114,4557
220709,San Martín,Picota,Tingo de Ponasa,2071,1846
220710,San Martín,Picota,Tres Unidos,2174,1966
220801,San Martín,Rioja,Rioja,12893,12972
220802,San Martín,Rioja,Awajun,4021,3871
220803,San Martín,Rioja,Elías Soplin Vargas,8999,9015
220804,San Martín,Rioja,Nueva Cajamarca,22418,22179
220805,San Martín,Rioja,Pardo Miguel,8745,8538
220806,San Martín,Rioja,Posic,958,982
220807,San Martín,Rioja,San Fernando,1941,1783
220808,San Martín,Rioja,Yorongos,1401,1293
220809,San Martín,Rioja,Yuracyacu,1998,1906
220901,San Martín,San Martín,Tarapoto,39818,40453
220902,San Martín,San Martín,Alberto Leveau,482,419
220903,San Martín,San Martín,Cacatachi,1835,1786
220904,San Martín,San Martín,Chazuta,5324,4862
220905,San Martín,San Martín,Chipurana,1207,1091
220906,San Martín,San Martín,El Porvenir,1338,1115
220907,San Martín,San Martín,Huimbayoc,2776,2527
220908,San Martín,San Martín,Juan Guerra,2025,1938
220909,San Martín,San Martín,La Banda de Shilcayo,22651,21950
220910,San Martín,San Martín,Morales,19407,19092
220911,San Martín,San Martín,Papaplaya,1095,1045
220912,San Martín,San Martín,San Antonio,840,846
220913,San Martín,San Martín,Sauce,3918,3551
220914,San Martín,San Martín,Shapaja,1011,961
221001,San Martín,Tocache,Tocache,15334,14476
221002,San Martín,Tocache,Nuevo Progreso,6593,5654
221003,San Martín,Tocache,Polvora,6049,4945
221004,San Martín,Tocache,Shunte,718,610
221005,San Martín,Tocache,Uchiza,11308,9977
230101,Tacna,Tacna,Tacna,48782,51830
230102,Tacna,Tacna,Alto de la Alianza,17516,17671
230103,Tacna,Tacna,Calana,1600,1627
230104,Tacna,Tacna,Ciudad Nueva,16381,16644
230105,Tacna,Tacna,Inclan,1528,1385
230106,Tacna,Tacna,Pachia,1140,1054
230107,Tacna,Tacna,Palca,1429,577
230108,Tacna,Tacna,Pocollay,9713,9121
230109,Tacna,Tacna,Sama,1827,1525
230110,Tacna,Tacna,Coronel Gregorio Albarracin Lanchipa,57028,59608
230111,Tacna,Tacna,La Yarada los Palos,3358,3075
230201,Tacna,Candarave,Candarave,1294,1208
230202,Tacna,Candarave,Cairani,539,497
230203,Tacna,Candarave,Camilaca,656,565
230204,Tacna,Candarave,Curibaya,216,186
230205,Tacna,Candarave,Huanuara,274,262
230206,Tacna,Candarave,Quilahuani,382,371
230301,Tacna,Jorge Basadre,Locumba,1304,1227
230302,Tacna,Jorge Basadre,Ilabaya,3805,2264
230303,Tacna,Jorge Basadre,Ite,1954,1254
230401,Tacna,Tarata,Tarata,2266,1470
230402,Tacna,Tarata,Héroes Albarracín,179,156
230403,Tacna,Tarata,Estique,125,136
230404,Tacna,Tarata,Estique-Pampa,90,85
230405,Tacna,Tarata,Sitajara,188,183
230406,Tacna,Tarata,Susapaya,280,265
230407,Tacna,Tarata,Tarucachi,162,172
230408,Tacna,Tarata,Ticaco,296,326
240101,Tumbes,Tumbes,Tumbes,54179,52887
240102,Tumbes,Tumbes,Corrales,12193,11910
240103,Tumbes,Tumbes,La Cruz,5001,4865
240104,Tumbes,Tumbes,Pampas de Hospital,3636,3503
240105,Tumbes,Tumbes,San Jacinto,4398,4216
240106,Tumbes,Tumbes,San Juan de la Virgen,2321,2260
240201,Tumbes,Contralmirante Villar,Zorritos,6514,6194
240202,Tumbes,Contralmirante Villar,Casitas,1371,1161
240203,Tumbes,Contralmirante Villar,Canoas de Punta Sal,3478,3188
240301,Tumbes,Zarumilla,Zarumilla,11680,11657
240302,Tumbes,Zarumilla,Aguas Verdes,9145,9024
240303,Tumbes,Zarumilla,Matapalo,1838,1597
240304,Tumbes,Zarumilla,Papayal,3367,3115
250101,Ucayali,Coronel Portillo,Calleria,82427,80397
250102,Ucayali,Coronel Portillo,Campoverde,9455,8545
250103,Ucayali,Coronel Portillo,Iparia,6235,5674
250104,Ucayali,Coronel Portillo,Masisea,6300,5495
250105,Ucayali,Coronel Portillo,Yarinacocha,55013,55125
250106,Ucayali,Coronel Portillo,Nueva Requena,2959,2601
250107,Ucayali,Coronel Portillo,Manantay,48931,48898
250201,Ucayali,Atalaya,Raymondi,19541,18241
250202,Ucayali,Atalaya,Sepahua,4061,3780
250203,Ucayali,Atalaya,Tahuania,4923,4823
250204,Ucayali,Atalaya,Yurua,1159,1063
250301,Ucayali,Padre Abad,Padre Abad,18093,16726
250302,Ucayali,Padre Abad,Irazola,5670,5271
250303,Ucayali,Padre Abad,Curimana,4931,4227
250304,Ucayali,Padre Abad,Neshuya,4756,4247
250305,Ucayali,Padre Abad,Alexander Von Humboldt,3210,2875
250401,Ucayali,Purús,Purús,1736,1610
