Ubigeo,Distrito,Provincia,Departamento,Superficie
010101,Chachapoyas,Chachapoyas,Amazonas,153.78
010102,Asuncion,Chachapoyas,Amazonas,25.71
010103,Balsas,Chachapoyas,Amazonas,357.09
010104,Cheto,Chachapoyas,Amazonas,56.97
010105,Chiliquin,Chachapoyas,Amazonas,143.43
010106,Chuquibamba,Chachapoyas,Amazonas,278.63
010107,Granada,Chachapoyas,Amazonas,181.41
010108,Huancas,Chachapoyas,Amazonas,48.79
010109,La Jalca,Chachapoyas,Amazonas,380.39
010110,Leimebamba,Chachapoyas,Amazonas,373.14
010111,Levanto,Chachapoyas,Amazonas,77.54
010112,Magdalena,Chachapoyas,Amazonas,135.47
010113,Mariscal Castilla,Chachapoyas,Amazonas,83.58
010114,Molinopampa,Chachapoyas,Amazonas,333.86
010115,Montevideo,Chachapoyas,Amazonas,119.01
010116,Olleros,Chachapoyas,Amazonas,125.16
010117,Quinjalca,Chachapoyas,Amazonas,91.59
010118,San Francisco de Daguas,Chachapoyas,Amazonas,47.41
010119,San Isidro de Maino,Chachapoyas,Amazonas,101.67
010120,Soloco,Chachapoyas,Amazonas,84.48
010121,Sonche,Chachapoyas,Amazonas,113.26
010201,Bagua,Bagua,Amazonas,150.99
010202,Aramango,Bagua,Amazonas,809.07
010203,Copallin,Bagua,Amazonas,99.05
010204,El Parco,Bagua,Amazonas,18.48
010205,Imaza,Bagua,Amazonas,4430.84
010206,La Peca,Bagua,Amazonas,144.29
010301,Jumbilla,Bongara,Amazonas,154.18
010302,Chisquilla,Bongara,Amazonas,174.96
010303,Churuja,Bongara,Amazonas,33.34
010304,Corosha,Bongara,Amazonas,45.67
010305,Cuispes,Bongara,Amazonas,110.72
010306,Florida,Bongara,Amazonas,203.22
010307,Jazan,Bongara,Amazonas,88.83
010308,Recta,Bongara,Amazonas,24.58
010309,San Carlos,Bongara,Amazonas,100.76
010310,Shipasbamba,Bongara,Amazonas,127.29
010311,Valera,Bongara,Amazonas,90.14
010312,Yambrasbamba,Bongara,Amazonas,1715.96
010401,Nieva,Condorcanqui,Amazonas,4481.63
010402,El Cenepa,Condorcanqui,Amazonas,5458.48
010403,Rio Santiago,Condorcanqui,Amazonas,8035.28
010501,Lamud,Luya,Amazonas,69.49
010502,Camporredondo,Luya,Amazonas,376.01
010503,Cocabamba,Luya,Amazonas,355.85
010504,Colcamar,Luya,Amazonas,106.6
010505,Conila,Luya,Amazonas,256.17
010506,Inguilpata,Luya,Amazonas,118.04
010507,Longuita,Luya,Amazonas,57.91
010508,Lonya Chico,Luya,Amazonas,83.82
010509,Luya,Luya,Amazonas,91.21
010510,Luya Viejo,Luya,Amazonas,73.87
010511,Maria,Luya,Amazonas,80.27
010512,Ocalli,Luya,Amazonas,177.39
010513,Ocumal,Luya,Amazonas,235.86
010514,Pisuquia,Luya,Amazonas,306.5
010515,Providencia,Luya,Amazonas,71.22
010516,San Cristobal,Luya,Amazonas,33.36
010517,San Francisco del Yeso,Luya,Amazonas,113.94
010518,San Jeronimo,Luya,Amazonas,214.66
010519,San Juan de Lopecancha,Luya,Amazonas,88.02
010520,Santa Catalina,Luya,Amazonas,126.21
010521,Santo Tomas,Luya,Amazonas,84.93
010522,Tingo,Luya,Amazonas,102.67
010523,Trita,Luya,Amazonas,12.68
010601,San Nicolas,Rodriguez de Mendoza,Amazonas,206.01
010602,Chirimoto,Rodriguez de Mendoza,Amazonas,153
010603,Cochamal,Rodriguez de Mendoza,Amazonas,199.44
010604,Huambo,Rodriguez de Mendoza,Amazonas,99.56
010605,Limabamba,Rodriguez de Mendoza,Amazonas,317.88
010606,Longar,Rodriguez de Mendoza,Amazonas,66.24
010607,Mariscal Benavides,Rodriguez de Mendoza,Amazonas,176.18
010608,Milpuc,Rodriguez de Mendoza,Amazonas,26.8
010609,Omia,Rodriguez de Mendoza,Amazonas,175.13
010610,Santa Rosa,Rodriguez de Mendoza,Amazonas,34.11
010611,Totora,Rodriguez de Mendoza,Amazonas,6.02
010612,Vista Alegre,Rodriguez de Mendoza,Amazonas,899.02
010701,Bagua Grande,Utcubamba,Amazonas,746.64
010702,Cajaruro,Utcubamba,Amazonas,1746.23
010703,Cumba,Utcubamba,Amazonas,292.66
010704,El Milagro,Utcubamba,Amazonas,313.89
010705,Jamalca,Utcubamba,Amazonas,357.98
010706,Lonya Grande,Utcubamba,Amazonas,327.92
010707,Yamon,Utcubamba,Amazonas,57.61
020101,Huaraz,Huaraz,Ancash,432.99
020102,Cochabamba,Huaraz,Ancash,135.65
020103,Colcabamba,Huaraz,Ancash,50.65
020104,Huanchay,Huaraz,Ancash,209.34
020105,Independencia,Huaraz,Ancash,342.95
020106,Jangas,Huaraz,Ancash,59.84
020107,La Libertad,Huaraz,Ancash,164.26
020108,Olleros,Huaraz,Ancash,222.91
020109,Pampas,Huaraz,Ancash,357.81
020110,Pariacoto,Huaraz,Ancash,162.5
020111,Pira,Huaraz,Ancash,243.73
020112,Tarica,Huaraz,Ancash,110.28
020201,Aija,Aija,Ancash,159.74
020202,Coris,Aija,Ancash,267.15
020203,Huacllan,Aija,Ancash,37.91
020204,La Merced,Aija,Ancash,153.08
020205,Succha,Aija,Ancash,78.84
020301,Llamellin,Antonio Raymondi,Ancash,90.82
020302,Aczo,Antonio Raymondi,Ancash,69.03
020303,Chaccho,Antonio Raymondi,Ancash,73.99
020304,Chingas,Antonio Raymondi,Ancash,48.95
020305,Mirgas,Antonio Raymondi,Ancash,175.69
020306,San Juan de Rontoy,Antonio Raymondi,Ancash,103.13
020401,Chacas,Asuncion,Ancash,447.69
020402,Acochaca,Asuncion,Ancash,80.97
020501,Chiquian,Bolognesi,Ancash,184.16
020502,Abelardo Pardo Lezameta,Bolognesi,Ancash,11.31
020503,Antonio Raymondi,Bolognesi,Ancash,118.7
020504,Aquia,Bolognesi,Ancash,434.6
020505,Cajacay,Bolognesi,Ancash,193.06
020506,Canis,Bolognesi,Ancash,19.45
020507,Colquioc,Bolognesi,Ancash,274.61
020508,Huallanca,Bolognesi,Ancash,873.39
020509,Huasta,Bolognesi,Ancash,387.91
020510,Huayllacayan,Bolognesi,Ancash,127.99
020511,La Primavera,Bolognesi,Ancash,68.61
020512,Mangas,Bolognesi,Ancash,115.84
020513,Pacllon,Bolognesi,Ancash,211.98
020514,San Miguel de Corpanqui,Bolognesi,Ancash,43.78
020515,Ticllos,Bolognesi,Ancash,89.41
020601,Carhuaz,Carhuaz,Ancash,194.62
020602,Acopampa,Carhuaz,Ancash,14.17
020603,Amashca,Carhuaz,Ancash,11.99
020604,Anta,Carhuaz,Ancash,40.77
020605,Ataquero,Carhuaz,Ancash,47.22
020606,Marcara,Carhuaz,Ancash,157.49
020607,Pariahuanca,Carhuaz,Ancash,11.74
020608,San Miguel de Aco,Carhuaz,Ancash,133.89
020609,Shilla,Carhuaz,Ancash,130.19
020610,Tinco,Carhuaz,Ancash,15.44
020611,Yungar,Carhuaz,Ancash,46.43
020701,San Luis,Carlos Fermin Fitzca,Ancash,256.45
020702,San Nicolas,Carlos Fermin Fitzca,Ancash,197.39
020703,Yauya,Carlos Fermin Fitzca,Ancash,170.41
020801,Casma,Casma,Ancash,1204.85
020802,Buena Vista Alta,Casma,Ancash,476.62
020803,Comandante Noel,Casma,Ancash,222.36
020804,Yautan,Casma,Ancash,357.2
020901,Corongo,Corongo,Ancash,143.13
020902,Aco,Corongo,Ancash,56.54
020903,Bambas,Corongo,Ancash,151.13
020904,Cusca,Corongo,Ancash,411.55
020905,La Pampa,Corongo,Ancash,93.94
020906,Yanac,Corongo,Ancash,45.85
020907,Yupan,Corongo,Ancash,85.87
021001,Huari,Huari,Ancash,398.91
021002,Anra,Huari,Ancash,80.31
021003,Cajay,Huari,Ancash,159.35
021004,Chavin de Huantar,Huari,Ancash,434.13
021005,Huacachi,Huari,Ancash,86.7
021006,Huacchis,Huari,Ancash,72.16
021007,Huachis,Huari,Ancash,153.89
021008,Huantar,Huari,Ancash,156.15
021009,Masin,Huari,Ancash,75.33
021010,Paucas,Huari,Ancash,135.31
021011,Ponto,Huari,Ancash,118.29
021012,Rahuapampa,Huari,Ancash,9.02
021013,Rapayan,Huari,Ancash,143.34
021014,San Marcos,Huari,Ancash,556.75
021015,San Pedro de Chana,Huari,Ancash,138.65
021016,Uco,Huari,Ancash,53.61
021101,Huarmey,Huarmey,Ancash,2894.38
021102,Cochapeti,Huarmey,Ancash,100.02
021103,Culebras,Huarmey,Ancash,630.25
021104,Huayan,Huarmey,Ancash,58.99
021105,Malvas,Huarmey,Ancash,219.52
021201,Caraz,Huaylas,Ancash,246.52
021202,Huallanca,Huaylas,Ancash,178.8
021203,Huata,Huaylas,Ancash,70.69
021204,Huaylas,Huaylas,Ancash,56.89
021205,Mato,Huaylas,Ancash,107.12
021206,Pamparomas,Huaylas,Ancash,496.35
021207,Pueblo Libre,Huaylas,Ancash,130.99
021208,Santa Cruz,Huaylas,Ancash,357.7
021209,Santo Toribio,Huaylas,Ancash,82.02
021210,Yuracmarca,Huaylas,Ancash,565.7
021301,Piscobamba,Mariscal Luzuriaga,Ancash,45.93
021302,Casca,Mariscal Luzuriaga,Ancash,77.38
021303,Eleazar Guzman Barron,Mariscal Luzuriaga,Ancash,93.96
021304,Fidel Olivas Escudero,Mariscal Luzuriaga,Ancash,204.82
021305,Llama,Mariscal Luzuriaga,Ancash,48.13
021306,Llumpa,Mariscal Luzuriaga,Ancash,143.27
021307,Lucma,Mariscal Luzuriaga,Ancash,77.37
021308,Musga,Mariscal Luzuriaga,Ancash,39.72
021401,Ocros,Ocros,Ancash,230.55
021402,Acas,Ocros,Ancash,252.48
021403,Cajamarquilla,Ocros,Ancash,75.52
021404,Carhuapampa,Ocros,Ancash,109.78
021405,Cochas,Ocros,Ancash,408.66
021406,Congas,Ocros,Ancash,130.03
021407,Llipa,Ocros,Ancash,33.69
021408,San Cristobal de Rajan,Ocros,Ancash,67.75
021409,San Pedro,Ocros,Ancash,531.21
021410,Santiago de Chilcas,Ocros,Ancash,85.76
021501,Cabana,Pallasca,Ancash,150.29
021502,Bolognesi,Pallasca,Ancash,86.88
021503,Conchucos,Pallasca,Ancash,585.24
021504,Huacaschuque,Pallasca,Ancash,63.59
021505,Huandoval,Pallasca,Ancash,116
021506,Lacabamba,Pallasca,Ancash,64.68
021507,Llapo,Pallasca,Ancash,28.69
021508,Pallasca,Pallasca,Ancash,59.77
021509,Pampas,Pallasca,Ancash,438.18
021510,Santa Rosa,Pallasca,Ancash,298.77
021511,Tauca,Pallasca,Ancash,209.12
021601,Pomabamba,Pomabamba,Ancash,347.92
021602,Huayllan,Pomabamba,Ancash,88.97
021603,Parobamba,Pomabamba,Ancash,331.1
021604,Quinuabamba,Pomabamba,Ancash,146.06
021701,Recuay,Recuay,Ancash,142.96
021702,Catac,Recuay,Ancash,1018.27
021703,Cotaparaco,Recuay,Ancash,172.85
021704,Huayllapampa,Recuay,Ancash,105.29
021705,Llacllin,Recuay,Ancash,101.1
021706,Marca,Recuay,Ancash,184.84
021707,Pampas Chico,Recuay,Ancash,100.51
021708,Pararin,Recuay,Ancash,254.85
021709,Tapacocha,Recuay,Ancash,81.23
021710,Ticapampa,Recuay,Ancash,142.29
021801,Chimbote,Santa,Ancash,1461.44
021802,Caceres del Peru,Santa,Ancash,549.78
021803,Coishco,Santa,Ancash,9.21
021804,Macate,Santa,Ancash,584.65
021805,Moro,Santa,Ancash,359.35
021806,Nepeña,Santa,Ancash,458.24
021807,Samanco,Santa,Ancash,153.98
021808,Santa,Santa,Ancash,42.23
021809,Nuevo Chimbote,Santa,Ancash,389.73
021901,Sihuas,Sihuas,Ancash,43.81
021902,Acobamba,Sihuas,Ancash,153.04
021903,Alfonso Ugarte,Sihuas,Ancash,80.71
021904,Cashapampa,Sihuas,Ancash,66.96
021905,Chingalpo,Sihuas,Ancash,173.2
021906,Huayllabamba,Sihuas,Ancash,287.58
021907,Quiches,Sihuas,Ancash,146.98
021908,Ragash,Sihuas,Ancash,208.45
021909,San Juan,Sihuas,Ancash,209.24
021910,Sicsibamba,Sihuas,Ancash,86
022001,Yungay,Yungay,Ancash,276.68
022002,Cascapara,Yungay,Ancash,138.32
022003,Mancos,Yungay,Ancash,64.05
022004,Matacoto,Yungay,Ancash,43.65
022005,Quillo,Yungay,Ancash,373.83
022006,Ranrahirca,Yungay,Ancash,22.89
022007,Shupluy,Yungay,Ancash,162.21
022008,Yanama,Yungay,Ancash,279.85
030101,Abancay,Abancay,Apurimac,313.07
030102,Chacoche,Abancay,Apurimac,186.1
030103,Circa,Abancay,Apurimac,641.68
030104,Curahuasi,Abancay,Apurimac,817.98
030105,Huanipaca,Abancay,Apurimac,432.62
030106,Lambrama,Abancay,Apurimac,521.62
030107,Pichirhua,Abancay,Apurimac,370.69
030108,San Pedro de Cachora,Abancay,Apurimac,108.77
030109,Tamburco,Abancay,Apurimac,54.6
030201,Andahuaylas,Andahuaylas,Apurimac,174.11
030202,Andarapa,Andahuaylas,Apurimac,172.05
030203,Chiara,Andahuaylas,Apurimac,148.92
030204,Huancarama,Andahuaylas,Apurimac,153.04
030205,Huancaray,Andahuaylas,Apurimac,112.2
030206,Huayana,Andahuaylas,Apurimac,96.87
030207,Kishuara,Andahuaylas,Apurimac,309.91
030208,Pacobamba,Andahuaylas,Apurimac,245.9
030209,Pacucha,Andahuaylas,Apurimac,170.39
030210,Pampachiri,Andahuaylas,Apurimac,602.5
030211,Pomacocha,Andahuaylas,Apurimac,129.19
030212,San Antonio de Cachi,Andahuaylas,Apurimac,178.78
030213,San Jeronimo,Andahuaylas,Apurimac,237.42
030214,San Miguel de Chaccrampa,Andahuaylas,Apurimac,83.37
030215,Santa Maria de Chicmo,Andahuaylas,Apurimac,162.14
030216,Talavera,Andahuaylas,Apurimac,148.12
030217,Tumay Huaraca,Andahuaylas,Apurimac,446.71
030218,Turpo,Andahuaylas,Apurimac,121.67
030219,Kaquiabamba,Andahuaylas,Apurimac,97.79
030220,José María Arguedas,Andahuaylas,Apurimac,195.92
030301,Antabamba,Antabamba,Apurimac,603.76
030302,El Oro,Antabamba,Apurimac,68.81
030303,Huaquirca,Antabamba,Apurimac,337.6
030304,Juan Espinoza Medrano,Antabamba,Apurimac,623.22
030305,Oropesa,Antabamba,Apurimac,1180.12
030306,Pachaconas,Antabamba,Apurimac,226.73
030307,Sabaino,Antabamba,Apurimac,178.77
030401,Chalhuanca,Aymaraes,Apurimac,322.34
030402,Capaya,Aymaraes,Apurimac,77.75
030403,Caraybamba,Aymaraes,Apurimac,234.91
030404,Chapimarca,Aymaraes,Apurimac,213.09
030405,Colcabamba,Aymaraes,Apurimac,95.75
030406,Cotaruse,Aymaraes,Apurimac,1749.83
030407,Huayllo,Aymaraes,Apurimac,72.89
030408,Justo Apu Sahuaraura,Aymaraes,Apurimac,97.64
030409,Lucre,Aymaraes,Apurimac,110.48
030410,Pocohuanca,Aymaraes,Apurimac,82.55
030411,San Juan de Chacña,Aymaraes,Apurimac,86.13
030412,Sañayca,Aymaraes,Apurimac,448.91
030413,Soraya,Aymaraes,Apurimac,43.56
030414,Tapairihua,Aymaraes,Apurimac,163.73
030415,Tintay,Aymaraes,Apurimac,136.58
030416,Toraya,Aymaraes,Apurimac,173.05
030417,Yanaca,Aymaraes,Apurimac,103.88
030501,Tambobamba,Cotabambas,Apurimac,722.23
030502,Cotabambas,Cotabambas,Apurimac,331.96
030503,Coyllurqui,Cotabambas,Apurimac,418.95
030504,Haquira,Cotabambas,Apurimac,475.46
030505,Mara,Cotabambas,Apurimac,224.17
030506,Challhuahuacho,Cotabambas,Apurimac,439.96
030601,Chincheros,Chincheros,Apurimac,132.4
030602,Anco_Huallo,Chincheros,Apurimac,38.9
030603,Cocharcas,Chincheros,Apurimac,109.9
030604,Huaccana,Chincheros,Apurimac,472.12
030605,Ocobamba,Chincheros,Apurimac,58.2
030606,Ongoy,Chincheros,Apurimac,118.69
030607,Uranmarca,Chincheros,Apurimac,148.73
030608,Ranracancha,Chincheros,Apurimac,44.52
030609,Rocchacc,Chincheros,Apurimac,56.96
030610,El Porvenir,Chincheros,Apurimac,61.89
030611,Los Chankas,Chincheros,Apurimac,142.22
030701,Chuquibambilla,Grau,Apurimac,432.5
030702,Curpahuasi,Grau,Apurimac,293.42
030703,Gamarra,Grau,Apurimac,370.45
030704,Huayllati,Grau,Apurimac,110.75
030705,Mamara,Grau,Apurimac,66.21
030706,Micaela Bastidas,Grau,Apurimac,110.14
030707,Pataypampa,Grau,Apurimac,158.91
030708,Progreso,Grau,Apurimac,254.59
030709,San Antonio,Grau,Apurimac,24.12
030710,Santa Rosa,Grau,Apurimac,36.16
030711,Turpay,Grau,Apurimac,52.34
030712,Vilcabamba,Grau,Apurimac,7.97
030713,Virundo,Grau,Apurimac,117.19
030714,Curasco,Grau,Apurimac,139.77
040101,Arequipa,Arequipa,Arequipa,2.8
040102,Alto Selva Alegre,Arequipa,Arequipa,6.98
040103,Cayma,Arequipa,Arequipa,246.31
040104,Cerro Colorado,Arequipa,Arequipa,174.9
040105,Characato,Arequipa,Arequipa,86
040106,Chiguata,Arequipa,Arequipa,460.81
040107,Jacobo Hunter,Arequipa,Arequipa,20.37
040108,La Joya,Arequipa,Arequipa,670.22
040109,Mariano Melgar,Arequipa,Arequipa,29.83
040110,Miraflores,Arequipa,Arequipa,28.68
040111,Mollebaya,Arequipa,Arequipa,26.7
040112,Paucarpata,Arequipa,Arequipa,31.07
040113,Pocsi,Arequipa,Arequipa,172.48
040114,Polobaya,Arequipa,Arequipa,441.61
040115,Quequeña,Arequipa,Arequipa,34.93
040116,Sabandia,Arequipa,Arequipa,36.63
040117,Sachaca,Arequipa,Arequipa,26.63
040118,San Juan de Siguas,Arequipa,Arequipa,93.31
040119,San Juan de Tarucani,Arequipa,Arequipa,2264.59
040120,Santa Isabel de Siguas,Arequipa,Arequipa,187.98
040121,Santa Rita de Siguas,Arequipa,Arequipa,370.16
040122,Socabaya,Arequipa,Arequipa,18.64
040123,Tiabaya,Arequipa,Arequipa,31.62
040124,Uchumayo,Arequipa,Arequipa,227.14
040125,Vitor,Arequipa,Arequipa,1543.5
040126,Yanahuara,Arequipa,Arequipa,2.2
040127,Yarabamba,Arequipa,Arequipa,492.2
040128,Yura,Arequipa,Arequipa,1942.9
040129,Jose Luis Bustamante y Rivero,Arequipa,Arequipa,10.83
040201,Camana,Camana,Arequipa,11.67
040202,Jose Maria Quimper,Camana,Arequipa,16.72
040203,Mariano Nicolas Valcarcel,Camana,Arequipa,557.74
040204,Mariscal Caceres,Camana,Arequipa,579.31
040205,Nicolas de Pierola,Camana,Arequipa,391.84
040206,Ocoña,Camana,Arequipa,1414.8
040207,Quilca,Camana,Arequipa,912.25
040208,Samuel Pastor,Camana,Arequipa,113.4
040301,Caraveli,Caraveli,Arequipa,727.68
040302,Acari,Caraveli,Arequipa,799.21
040303,Atico,Caraveli,Arequipa,3146.24
040304,Atiquipa,Caraveli,Arequipa,423.55
040305,Bella Union,Caraveli,Arequipa,1588.41
040306,Cahuacho,Caraveli,Arequipa,1412.1
040307,Chala,Caraveli,Arequipa,378.38
040308,Chaparra,Caraveli,Arequipa,1473.19
040309,Huanuhuanu,Caraveli,Arequipa,708.52
040310,Jaqui,Caraveli,Arequipa,424.73
040311,Lomas,Caraveli,Arequipa,452.7
040312,Quicacha,Caraveli,Arequipa,1048.42
040313,Yauca,Caraveli,Arequipa,556.3
040401,Aplao,Castilla,Arequipa,640.04
040402,Andagua,Castilla,Arequipa,480.74
040403,Ayo,Castilla,Arequipa,327.97
040404,Chachas,Castilla,Arequipa,1190.49
040405,Chilcaymarca,Castilla,Arequipa,181.37
040406,Choco,Castilla,Arequipa,904.33
040407,Huancarqui,Castilla,Arequipa,803.65
040408,Machaguay,Castilla,Arequipa,246.89
040409,Orcopampa,Castilla,Arequipa,724.37
040410,Pampacolca,Castilla,Arequipa,205.19
040411,Tipan,Castilla,Arequipa,57.68
040412,Uñon,Castilla,Arequipa,296.93
040413,Uraca,Castilla,Arequipa,713.83
040414,Viraco,Castilla,Arequipa,141
040501,Chivay,Caylloma,Arequipa,240.64
040502,Achoma,Caylloma,Arequipa,393.54
040503,Cabanaconde,Caylloma,Arequipa,460.55
040504,Callalli,Caylloma,Arequipa,1485.1
040505,Caylloma,Caylloma,Arequipa,1499
040506,Coporaque,Caylloma,Arequipa,111.98
040507,Huambo,Caylloma,Arequipa,705.79
040508,Huanca,Caylloma,Arequipa,391.16
040509,Ichupampa,Caylloma,Arequipa,74.89
040510,Lari,Caylloma,Arequipa,384.02
040511,Lluta,Caylloma,Arequipa,1226.46
040512,Maca,Caylloma,Arequipa,227.48
040513,Madrigal,Caylloma,Arequipa,160.09
040514,San Antonio de Chuca,Caylloma,Arequipa,1531.27
040515,Sibayo,Caylloma,Arequipa,286.03
040516,Tapay,Caylloma,Arequipa,420.17
040517,Tisco,Caylloma,Arequipa,1445.02
040518,Tuti,Caylloma,Arequipa,241.89
040519,Yanque,Caylloma,Arequipa,1108.58
040520,Majes,Caylloma,Arequipa,1625.8
040601,Chuquibamba,Condesuyos,Arequipa,1255.04
040602,Andaray,Condesuyos,Arequipa,847.56
040603,Cayarani,Condesuyos,Arequipa,1395.67
040604,Chichas,Condesuyos,Arequipa,392.16
040605,Iray,Condesuyos,Arequipa,247.62
040606,Rio Grande,Condesuyos,Arequipa,527.48
040607,Salamanca,Condesuyos,Arequipa,1235.8
040608,Yanaquihua,Condesuyos,Arequipa,1057.07
040701,Mollendo,Islay,Arequipa,960.83
040702,Cocachacra,Islay,Arequipa,1536.96
040703,Dean Valdivia,Islay,Arequipa,134.08
040704,Islay,Islay,Arequipa,383.78
040705,Mejia,Islay,Arequipa,100.78
040706,Punta de Bombon,Islay,Arequipa,769.6
040801,Cotahuasi,La Union,Arequipa,166.5
040802,Alca,La Union,Arequipa,193.42
040803,Charcana,La Union,Arequipa,165.27
040804,Huaynacotas,La Union,Arequipa,932.64
040805,Pampamarca,La Union,Arequipa,782.17
040806,Puyca,La Union,Arequipa,1501.2
040807,Quechualla,La Union,Arequipa,138.37
040808,Sayla,La Union,Arequipa,66.55
040809,Tauria,La Union,Arequipa,314.68
040810,Tomepampa,La Union,Arequipa,94.16
040811,Toro,La Union,Arequipa,391.44
050101,Ayacucho,Huamanga,Ayacucho,83.11
050102,Acocro,Huamanga,Ayacucho,436.65
050103,Acos Vinchos,Huamanga,Ayacucho,156.82
050104,Carmen Alto,Huamanga,Ayacucho,17.52
050105,Chiara,Huamanga,Ayacucho,461.61
050106,Ocros,Huamanga,Ayacucho,305.41
050107,Pacaycasa,Huamanga,Ayacucho,53.55
050108,Quinua,Huamanga,Ayacucho,116.61
050109,San Jose de Ticllas,Huamanga,Ayacucho,82.31
050110,San Juan Bautista,Huamanga,Ayacucho,15.19
050111,Santiago de Pischa,Huamanga,Ayacucho,91.09
050112,Socos,Huamanga,Ayacucho,172.34
050113,Tambillo,Huamanga,Ayacucho,153.23
050114,Vinchos,Huamanga,Ayacucho,928.68
050115,Jesus Nazareno,Huamanga,Ayacucho,16.12
050116,Andrés Avelino Cáceres Dorregaray,Huamanga,Ayacucho,9.28
050201,Cangallo,Cangallo,Ayacucho,187.05
050202,Chuschi,Cangallo,Ayacucho,418.03
050203,Los Morochucos,Cangallo,Ayacucho,253.22
050204,Maria Parado de Bellido,Cangallo,Ayacucho,129.13
050205,Paras,Cangallo,Ayacucho,789.09
050206,Totos,Cangallo,Ayacucho,112.9
050301,Sancos,Huanca Sancos,Ayacucho,1289.7
050302,Carapo,Huanca Sancos,Ayacucho,241.34
050303,Sacsamarca,Huanca Sancos,Ayacucho,673.03
050304,Santiago de Lucanamarca,Huanca Sancos,Ayacucho,658.26
050401,Huanta,Huanta,Ayacucho,193.48
050402,Ayahuanco,Huanta,Ayacucho,297.89
050403,Huamanguilla,Huanta,Ayacucho,95.27
050404,Iguain,Huanta,Ayacucho,61.44
050405,Luricocha,Huanta,Ayacucho,130.04
050406,Santillana,Huanta,Ayacucho,336.17
050407,Sivia,Huanta,Ayacucho,1053.52
050408,Llochegua,Huanta,Ayacucho,469.02
050409,Canayre,Huanta,Ayacucho,244.69
050410,Uchuraccay,Huanta,Ayacucho,300.28
050411,Pucacolpa,Huanta,Ayacucho,562.06
050412,Chaca,Huanta,Ayacucho,124.46
050501,San Miguel,La Mar,Ayacucho,457.88
050502,Anco,La Mar,Ayacucho,802.86
050503,Ayna,La Mar,Ayacucho,290.51
050504,Chilcas,La Mar,Ayacucho,156.58
050505,Chungui,La Mar,Ayacucho,1093.05
050506,Luis Carranza,La Mar,Ayacucho,135.84
050507,Santa Rosa,La Mar,Ayacucho,396.58
050508,Tambo,La Mar,Ayacucho,313.82
050509,Samugari,La Mar,Ayacucho,387.45
050510,Anchihuay,La Mar,Ayacucho,272.07
050511,Oronccoy,La Mar,Ayacucho,553.74
050601,Puquio,Lucanas,Ayacucho,866.43
050602,Aucara,Lucanas,Ayacucho,903.51
050603,Cabana,Lucanas,Ayacucho,402.62
050604,Carmen Salcedo,Lucanas,Ayacucho,473.66
050605,Chaviña,Lucanas,Ayacucho,399.09
050606,Chipao,Lucanas,Ayacucho,1166.91
050607,Huac-Huas,Lucanas,Ayacucho,309.48
050608,Laramate,Lucanas,Ayacucho,785.89
050609,Leoncio Prado,Lucanas,Ayacucho,1053.6
050610,Llauta,Lucanas,Ayacucho,482.07
050611,Lucanas,Lucanas,Ayacucho,1205.78
050612,Ocaña,Lucanas,Ayacucho,848.36
050613,Otoca,Lucanas,Ayacucho,720.2
050614,Saisa,Lucanas,Ayacucho,585.4
050615,San Cristobal,Lucanas,Ayacucho,391.83
050616,San Juan,Lucanas,Ayacucho,44.59
050617,San Pedro,Lucanas,Ayacucho,733.03
050618,San Pedro de Palco,Lucanas,Ayacucho,531.55
050619,Sancos,Lucanas,Ayacucho,1520.87
050620,Santa Ana de Huaycahuacho,Lucanas,Ayacucho,50.63
050621,Santa Lucia,Lucanas,Ayacucho,1019.14
050701,Coracora,Parinacochas,Ayacucho,1399.41
050702,Chumpi,Parinacochas,Ayacucho,366.3
050703,Coronel Castañeda,Parinacochas,Ayacucho,1108.04
050704,Pacapausa,Parinacochas,Ayacucho,144.3
050705,Pullo,Parinacochas,Ayacucho,1562.34
050706,Puyusca,Parinacochas,Ayacucho,700.75
050707,San Francisco de Ravacayco,Parinacochas,Ayacucho,99.83
050708,Upahuacho,Parinacochas,Ayacucho,587.35
050801,Pausa,Paucar del Sara Sara,Ayacucho,242.78
050802,Colta,Paucar del Sara Sara,Ayacucho,277.29
050803,Corculla,Paucar del Sara Sara,Ayacucho,97.05
050804,Lampa,Paucar del Sara Sara,Ayacucho,289.45
050805,Marcabamba,Paucar del Sara Sara,Ayacucho,122.53
050806,Oyolo,Paucar del Sara Sara,Ayacucho,820.13
050807,Pararca,Paucar del Sara Sara,Ayacucho,57.91
050808,San Javier de Alpabamba,Paucar del Sara Sara,Ayacucho,92.87
050809,San Jose de Ushua,Paucar del Sara Sara,Ayacucho,17.33
050810,Sara Sara,Paucar del Sara Sara,Ayacucho,79.58
050901,Querobamba,Sucre,Ayacucho,275.65
050902,Belen,Sucre,Ayacucho,41.46
050903,Chalcos,Sucre,Ayacucho,58.43
050904,Chilcayoc,Sucre,Ayacucho,33.06
050905,Huacaña,Sucre,Ayacucho,132.73
050906,Morcolla,Sucre,Ayacucho,289.34
050907,Paico,Sucre,Ayacucho,79.65
050908,San Pedro de Larcay,Sucre,Ayacucho,310.07
050909,San Salvador de Quije,Sucre,Ayacucho,144.63
050910,Santiago de Paucaray,Sucre,Ayacucho,62.65
050911,Soras,Sucre,Ayacucho,357.97
051001,Huancapi,Victor Fajardo,Ayacucho,223.35
051002,Alcamenca,Victor Fajardo,Ayacucho,125.11
051003,Apongo,Victor Fajardo,Ayacucho,171.58
051004,Asquipata,Victor Fajardo,Ayacucho,70.72
051005,Canaria,Victor Fajardo,Ayacucho,263.88
051006,Cayara,Victor Fajardo,Ayacucho,69.25
051007,Colca,Victor Fajardo,Ayacucho,69.57
051008,Huamanquiquia,Victor Fajardo,Ayacucho,67.33
051009,Huancaraylla,Victor Fajardo,Ayacucho,165.49
051010,Huaya,Victor Fajardo,Ayacucho,162.23
051011,Sarhua,Victor Fajardo,Ayacucho,373.14
051012,Vilcanchos,Victor Fajardo,Ayacucho,498.54
051101,Vilcas Huaman,Vilcas Huaman,Ayacucho,216.89
051102,Accomarca,Vilcas Huaman,Ayacucho,82.43
051103,Carhuanca,Vilcas Huaman,Ayacucho,56.91
051104,Concepcion,Vilcas Huaman,Ayacucho,215.03
051105,Huambalpa,Vilcas Huaman,Ayacucho,150.76
051106,Independencia,Vilcas Huaman,Ayacucho,85.28
051107,Saurama,Vilcas Huaman,Ayacucho,95.15
051108,Vischongo,Vilcas Huaman,Ayacucho,268.87
060101,Cajamarca,Cajamarca,Cajamarca,382.74
060102,Asuncion,Cajamarca,Cajamarca,210.18
060103,Chetilla,Cajamarca,Cajamarca,73.94
060104,Cospan,Cajamarca,Cajamarca,558.79
060105,Encañada,Cajamarca,Cajamarca,635.06
060106,Jesus,Cajamarca,Cajamarca,267.78
060107,Llacanora,Cajamarca,Cajamarca,49.42
060108,Los Baños del Inca,Cajamarca,Cajamarca,276.4
060109,Magdalena,Cajamarca,Cajamarca,215.38
060110,Matara,Cajamarca,Cajamarca,59.74
060111,Namora,Cajamarca,Cajamarca,180.69
060112,San Juan,Cajamarca,Cajamarca,69.66
060201,Cajabamba,Cajabamba,Cajamarca,192.29
060202,Cachachi,Cajabamba,Cajamarca,820.81
060203,Condebamba,Cajabamba,Cajamarca,204.6
060204,Sitacocha,Cajabamba,Cajamarca,589.94
060301,Celendin,Celendin,Cajamarca,409
060302,Chumuch,Celendin,Cajamarca,196.3
060303,Cortegana,Celendin,Cajamarca,233.31
060304,Huasmin,Celendin,Cajamarca,437.5
060305,Jorge Chavez,Celendin,Cajamarca,53.34
060306,Jose Galvez,Celendin,Cajamarca,58.01
060307,Miguel Iglesias,Celendin,Cajamarca,235.73
060308,Oxamarca,Celendin,Cajamarca,292.52
060309,Sorochuco,Celendin,Cajamarca,170.02
060310,Sucre,Celendin,Cajamarca,270.98
060311,Utco,Celendin,Cajamarca,100.79
060312,La Libertad de Pallan,Celendin,Cajamarca,184.09
060401,Chota,Chota,Cajamarca,261.75
060402,Anguia,Chota,Cajamarca,123.01
060403,Chadin,Chota,Cajamarca,66.53
060404,Chiguirip,Chota,Cajamarca,51.44
060405,Chimban,Chota,Cajamarca,198.99
060406,Choropampa,Chota,Cajamarca,171.59
060407,Cochabamba,Chota,Cajamarca,130.01
060408,Conchan,Chota,Cajamarca,180.23
060409,Huambos,Chota,Cajamarca,240.72
060410,Lajas,Chota,Cajamarca,120.73
060411,Llama,Chota,Cajamarca,494.94
060412,Miracosta,Chota,Cajamarca,415.69
060413,Paccha,Chota,Cajamarca,93.97
060414,Pion,Chota,Cajamarca,141.05
060415,Querocoto,Chota,Cajamarca,301.07
060416,San Juan de Licupis,Chota,Cajamarca,205.01
060417,Tacabamba,Chota,Cajamarca,196.25
060418,Tocmoche,Chota,Cajamarca,222.38
060419,Chalamarca,Chota,Cajamarca,179.74
060501,Contumaza,Contumaza,Cajamarca,358.28
060502,Chilete,Contumaza,Cajamarca,133.94
060503,Cupisnique,Contumaza,Cajamarca,280.2
060504,Guzmango,Contumaza,Cajamarca,49.88
060505,San Benito,Contumaza,Cajamarca,486.55
060506,Santa Cruz de Toled,Contumaza,Cajamarca,64.53
060507,Tantarica,Contumaza,Cajamarca,149.7
060508,Yonan,Contumaza,Cajamarca,547.25
060601,Cutervo,Cutervo,Cajamarca,422.27
060602,Callayuc,Cutervo,Cajamarca,316.05
060603,Choros,Cutervo,Cajamarca,276.96
060604,Cujillo,Cutervo,Cajamarca,108.93
060605,La Ramada,Cutervo,Cajamarca,30.27
060606,Pimpingos,Cutervo,Cajamarca,186.04
060607,Querocotillo,Cutervo,Cajamarca,697.1
060608,San Andres de Cutervo,Cutervo,Cajamarca,133.4
060609,San Juan de Cutervo,Cutervo,Cajamarca,60.87
060610,San Luis de Lucma,Cutervo,Cajamarca,109.74
060611,Santa Cruz,Cutervo,Cajamarca,128
060612,Santo Domingo de La Capilla,Cutervo,Cajamarca,103.74
060613,Santo Tomas,Cutervo,Cajamarca,279.61
060614,Socota,Cutervo,Cajamarca,134.83
060615,Toribio Casanova,Cutervo,Cajamarca,40.65
060701,Bambamarca,Hualgayoc,Cajamarca,451.38
060702,Chugur,Hualgayoc,Cajamarca,99.6
060703,Hualgayoc,Hualgayoc,Cajamarca,226.17
060801,Jaen,Jaen,Cajamarca,537.25
060802,Bellavista,Jaen,Cajamarca,870.55
060803,Chontali,Jaen,Cajamarca,428.55
060804,Colasay,Jaen,Cajamarca,735.73
060805,Huabal,Jaen,Cajamarca,80.69
060806,Las Pirias,Jaen,Cajamarca,60.41
060807,Pomahuaca,Jaen,Cajamarca,732.8
060808,Pucara,Jaen,Cajamarca,240.3
060809,Sallique,Jaen,Cajamarca,373.89
060810,San Felipe,Jaen,Cajamarca,255.49
060811,San Jose del Alto,Jaen,Cajamarca,634.11
060812,Santa Rosa,Jaen,Cajamarca,282.8
060901,San Ignacio,San Ignacio,Cajamarca,381.88
060902,Chirinos,San Ignacio,Cajamarca,351.91
060903,Huarango,San Ignacio,Cajamarca,922.35
060904,La Coipa,San Ignacio,Cajamarca,376.09
060905,Namballe,San Ignacio,Cajamarca,663.51
060906,San Jose de Lourdes,San Ignacio,Cajamarca,1482.75
060907,Tabaconas,San Ignacio,Cajamarca,798.59
061001,Pedro Galvez,San Marcos,Cajamarca,238.74
061002,Chancay,San Marcos,Cajamarca,61.8
061003,Eduardo Villanueva,San Marcos,Cajamarca,63.13
061004,Gregorio Pita,San Marcos,Cajamarca,212.81
061005,Ichocan,San Marcos,Cajamarca,76.11
061006,Jose Manuel Quiroz,San Marcos,Cajamarca,115.42
061007,Jose Sabogal,San Marcos,Cajamarca,594.31
061101,San Miguel,San Miguel,Cajamarca,368.26
061102,Bolivar,San Miguel,Cajamarca,78.97
061103,Calquis,San Miguel,Cajamarca,339
061104,Catilluc,San Miguel,Cajamarca,197.31
061105,El Prado,San Miguel,Cajamarca,71.44
061106,La Florida,San Miguel,Cajamarca,61.33
061107,Llapa,San Miguel,Cajamarca,132.68
061108,Nanchoc,San Miguel,Cajamarca,358.94
061109,Niepos,San Miguel,Cajamarca,158.88
061110,San Gregorio,San Miguel,Cajamarca,308.05
061111,San Silvestre de Cochan,San Miguel,Cajamarca,131.62
061112,Tongod,San Miguel,Cajamarca,163.89
061113,Union Agua Blanca,San Miguel,Cajamarca,171.71
061201,San Pablo,San Pablo,Cajamarca,197.92
061202,San Bernardino,San Pablo,Cajamarca,167.12
061203,San Luis,San Pablo,Cajamarca,42.88
061204,Tumbaden,San Pablo,Cajamarca,264.37
061301,Santa Cruz,Santa Cruz,Cajamarca,102.51
061302,Andabamba,Santa Cruz,Cajamarca,7.61
061303,Catache,Santa Cruz,Cajamarca,609.16
061304,Chancaybaños,Santa Cruz,Cajamarca,120.04
061305,La Esperanza,Santa Cruz,Cajamarca,59.7
061306,Ninabamba,Santa Cruz,Cajamarca,60.04
061307,Pulan,Santa Cruz,Cajamarca,155.67
061308,Saucepampa,Santa Cruz,Cajamarca,31.58
061309,Sexi,Santa Cruz,Cajamarca,192.87
061310,Uticyacu,Santa Cruz,Cajamarca,43.38
061311,Yauyucan,Santa Cruz,Cajamarca,35.37
070101,Callao,Callao,Callao,45.65
070102,Bellavista,Callao,Callao,4.56
070103,Carmen de La Legua,Callao,Callao,2.12
070104,La Perla,Callao,Callao,2.75
070105,La Punta,Callao,Callao,18.38
070106,Ventanilla,Callao,Callao,69.93
070107,Mi Peru,Callao,Callao,2.52
080101,Cusco,Cusco,Cusco,116.22
080102,Ccorca,Cusco,Cusco,188.56
080103,Poroy,Cusco,Cusco,14.96
080104,San Jeronimo,Cusco,Cusco,103.34
080105,San Sebastian,Cusco,Cusco,89.44
080106,Santiago,Cusco,Cusco,69.72
080107,Saylla,Cusco,Cusco,28.38
080108,Wanchaq,Cusco,Cusco,6.38
080201,Acomayo,Acomayo,Cusco,141.27
080202,Acopia,Acomayo,Cusco,91.72
080203,Acos,Acomayo,Cusco,137.55
080204,Mosoc Llacta,Acomayo,Cusco,43.61
080205,Pomacanchi,Acomayo,Cusco,275.56
080206,Rondocan,Acomayo,Cusco,180.22
080207,Sangarara,Acomayo,Cusco,78.29
080301,Anta,Anta,Cusco,202.58
080302,Ancahuasi,Anta,Cusco,123.58
080303,Cachimayo,Anta,Cusco,43.28
080304,Chinchaypujio,Anta,Cusco,390.58
080305,Huarocondo,Anta,Cusco,228.62
080306,Limatambo,Anta,Cusco,512.92
080307,Mollepata,Anta,Cusco,284.48
080308,Pucyura,Anta,Cusco,37.75
080309,Zurite,Anta,Cusco,52.33
080401,Calca,Calca,Cusco,311.01
080402,Coya,Calca,Cusco,71.43
080403,Lamay,Calca,Cusco,94.22
080404,Lares,Calca,Cusco,527.26
080405,Pisac,Calca,Cusco,148.25
080406,San Salvador,Calca,Cusco,128.07
080407,Taray,Calca,Cusco,53.78
080408,Yanatile,Calca,Cusco,3080.47
080501,Yanaoca,Canas,Cusco,292.97
080502,Checca,Canas,Cusco,503.76
080503,Kunturkanki,Canas,Cusco,376.19
080504,Langui,Canas,Cusco,187.1
080505,Layo,Canas,Cusco,452.56
080506,Pampamarca,Canas,Cusco,29.91
080507,Quehue,Canas,Cusco,143.46
080508,Tupac Amaru,Canas,Cusco,117.81
080601,Sicuani,Canchis,Cusco,645.88
080602,Checacupe,Canchis,Cusco,962.34
080603,Combapata,Canchis,Cusco,182.5
080604,Marangani,Canchis,Cusco,432.65
080605,Pitumarca,Canchis,Cusco,1117.54
080606,San Pablo,Canchis,Cusco,524.06
080607,San Pedro,Canchis,Cusco,54.91
080608,Tinta,Canchis,Cusco,79.39
080701,Santo Tomas,Chumbivilcas,Cusco,1924.08
080702,Capacmarca,Chumbivilcas,Cusco,271.81
080703,Chamaca,Chumbivilcas,Cusco,674.19
080704,Colquemarca,Chumbivilcas,Cusco,449.49
080705,Livitaca,Chumbivilcas,Cusco,758.2
080706,Llusco,Chumbivilcas,Cusco,315.42
080707,Quiñota,Chumbivilcas,Cusco,221.05
080708,Velille,Chumbivilcas,Cusco,756.84
080801,Espinar,Espinar,Cusco,747.78
080802,Condoroma,Espinar,Cusco,513.36
080803,Coporaque,Espinar,Cusco,1564.46
080804,Ocoruro,Espinar,Cusco,353.15
080805,Pallpata,Espinar,Cusco,815.56
080806,Pichigua,Espinar,Cusco,288.76
080807,Suyckutambo,Espinar,Cusco,652.13
080808,Alto Pichigua,Espinar,Cusco,375.89
080901,Santa Ana,La Convencion,Cusco,359.4
080902,Echarate,La Convencion,Cusco,19135.5
080903,Huayopata,La Convencion,Cusco,524.02
080904,Maranura,La Convencion,Cusco,150.3
080905,Ocobamba,La Convencion,Cusco,840.93
080906,Quellouno,La Convencion,Cusco,799.68
080907,Kimbiri,La Convencion,Cusco,905.69
080908,Santa Teresa,La Convencion,Cusco,1340.38
080909,Vilcabamba,La Convencion,Cusco,3318.86
080910,Pichari,La Convencion,Cusco,730.45
080911,Inkawasi,La Convencion,Cusco,1101.65
080912,Villa Virgen,La Convencion,Cusco,625.96
080913,Villa Kintiarina,La Convencion,Cusco,229
080914,Megantoni,La Convencion,Cusco,10708.16
081001,Paruro,Paruro,Cusco,153.42
081002,Accha,Paruro,Cusco,244.75
081003,Ccapi,Paruro,Cusco,334.85
081004,Colcha,Paruro,Cusco,139.98
081005,Huanoquite,Paruro,Cusco,362.67
081006,Omacha,Paruro,Cusco,436.21
081007,Paccaritambo,Paruro,Cusco,142.61
081008,Pillpinto,Paruro,Cusco,79.13
081009,Yaurisque,Paruro,Cusco,90.8
081101,Paucartambo,Paucartambo,Cusco,1079.23
081102,Caicay,Paucartambo,Cusco,110.72
081103,Challabamba,Paucartambo,Cusco,746.56
081104,Colquepata,Paucartambo,Cusco,467.68
081105,Huancarani,Paucartambo,Cusco,145.14
081106,Kosñipata,Paucartambo,Cusco,3745.68
081201,Urcos,Quispicanchi,Cusco,134.65
081202,Andahuaylillas,Quispicanchi,Cusco,84.6
081203,Camanti,Quispicanchi,Cusco,3174.93
081204,Ccarhuayo,Quispicanchi,Cusco,313.89
081205,Ccatca,Quispicanchi,Cusco,307.72
081206,Cusipata,Quispicanchi,Cusco,248.03
081207,Huaro,Quispicanchi,Cusco,106.28
081208,Lucre,Quispicanchi,Cusco,118.78
081209,Marcapata,Quispicanchi,Cusco,1687.91
081210,Ocongate,Quispicanchi,Cusco,952.66
081211,Oropesa,Quispicanchi,Cusco,74.44
081212,Quiquijana,Quispicanchi,Cusco,360.9
081301,Urubamba,Urubamba,Cusco,128.28
081302,Chinchero,Urubamba,Cusco,94.57
081303,Huayllabamba,Urubamba,Cusco,102.47
081304,Machupicchu,Urubamba,Cusco,271.44
081305,Maras,Urubamba,Cusco,131.85
081306,Ollantaytambo,Urubamba,Cusco,640.25
081307,Yucay,Urubamba,Cusco,70.57
090101,Huancavelica,Huancavelica,Huancavelica,514.1
090102,Acobambilla,Huancavelica,Huancavelica,758.32
090103,Acoria,Huancavelica,Huancavelica,535.1
090104,Conayca,Huancavelica,Huancavelica,37.79
090105,Cuenca,Huancavelica,Huancavelica,50.25
090106,Huachocolpa,Huancavelica,Huancavelica,336.28
090107,Huayllahuara,Huancavelica,Huancavelica,38.8
090108,Izcuchaca,Huancavelica,Huancavelica,12.19
090109,Laria,Huancavelica,Huancavelica,78.45
090110,Manta,Huancavelica,Huancavelica,154.14
090111,Mariscal Caceres,Huancavelica,Huancavelica,5.63
090112,Moya,Huancavelica,Huancavelica,94.08
090113,Nuevo Occoro,Huancavelica,Huancavelica,211.56
090114,Palca,Huancavelica,Huancavelica,82.08
090115,Pilchaca,Huancavelica,Huancavelica,42.97
090116,Vilca,Huancavelica,Huancavelica,317.76
090117,Yauli,Huancavelica,Huancavelica,319.92
090118,Ascension,Huancavelica,Huancavelica,432.24
090119,Huando,Huancavelica,Huancavelica,193.9
090201,Acobamba,Acobamba,Huancavelica,123.02
090202,Andabamba,Acobamba,Huancavelica,81.85
090203,Anta,Acobamba,Huancavelica,91.36
090204,Caja,Acobamba,Huancavelica,82.39
090205,Marcas,Acobamba,Huancavelica,155.87
090206,Paucara,Acobamba,Huancavelica,225.6
090207,Pomacocha,Acobamba,Huancavelica,53.66
090208,Rosario,Acobamba,Huancavelica,97.07
090301,Lircay,Angaraes,Huancavelica,818.84
090302,Anchonga,Angaraes,Huancavelica,72.4
090303,Callanmarca,Angaraes,Huancavelica,26.02
090304,Ccochaccasa,Angaraes,Huancavelica,116.6
090305,Chincho,Angaraes,Huancavelica,182.7
090306,Congalla,Angaraes,Huancavelica,215.64
090307,Huanca-Huanca,Angaraes,Huancavelica,109.96
090308,Huayllay Grande,Angaraes,Huancavelica,33.28
090309,Julcamarca,Angaraes,Huancavelica,48.61
090310,San Antonio de Antaparco,Angaraes,Huancavelica,33.42
090311,Santo Tomas de Pata,Angaraes,Huancavelica,133.57
090312,Secclla,Angaraes,Huancavelica,167.99
090401,Castrovirreyna,Castrovirreyna,Huancavelica,937.94
090402,Arma,Castrovirreyna,Huancavelica,304.85
090403,Aurahua,Castrovirreyna,Huancavelica,360.97
090404,Capillas,Castrovirreyna,Huancavelica,397.95
090405,Chupamarca,Castrovirreyna,Huancavelica,373.78
090406,Cocas,Castrovirreyna,Huancavelica,87.95
090407,Huachos,Castrovirreyna,Huancavelica,172.01
090408,Huamatambo,Castrovirreyna,Huancavelica,54.16
090409,Mollepampa,Castrovirreyna,Huancavelica,165.65
090410,San Juan,Castrovirreyna,Huancavelica,207.25
090411,Santa Ana,Castrovirreyna,Huancavelica,622.1
090412,Tantara,Castrovirreyna,Huancavelica,113.01
090413,Ticrapo,Castrovirreyna,Huancavelica,187
090501,Churcampa,Churcampa,Huancavelica,135.48
090502,Anco,Churcampa,Huancavelica,150.18
090503,Chinchihuasi,Churcampa,Huancavelica,162.21
090504,El Carmen,Churcampa,Huancavelica,77.07
090505,La Merced,Churcampa,Huancavelica,73.32
090506,Locroja,Churcampa,Huancavelica,92.48
090507,Paucarbamba,Churcampa,Huancavelica,97.72
090508,San Miguel de Mayocc,Churcampa,Huancavelica,38.43
090509,San Pedro de Coris,Churcampa,Huancavelica,128.9
090510,Pachamarca,Churcampa,Huancavelica,156.29
090511,Cosme,Churcampa,Huancavelica,106.34
090601,Huaytara,Huaytara,Huancavelica,401.25
090602,Ayavi,Huaytara,Huancavelica,201.26
090603,Cordova,Huaytara,Huancavelica,104.59
090604,Huayacundo Arma,Huaytara,Huancavelica,12.81
090605,Laramarca,Huaytara,Huancavelica,205.05
090606,Ocoyo,Huaytara,Huancavelica,154.71
090607,Pilpichaca,Huaytara,Huancavelica,2162.92
090608,Querco,Huaytara,Huancavelica,697.31
090609,Quito-Arma,Huaytara,Huancavelica,222.32
090610,San Antonio de Cusicancha,Huaytara,Huancavelica,255.86
090611,San Francisco de Sangayaico,Huaytara,Huancavelica,70.7
090612,San Isidro,Huaytara,Huancavelica,174.95
090613,Santiago de Chocorvos,Huaytara,Huancavelica,1150.2
090614,Santiago de Quirahuara,Huaytara,Huancavelica,169.32
090615,Santo Domingo de Capillas,Huaytara,Huancavelica,248.56
090616,Tambo,Huaytara,Huancavelica,226.58
090701,Pampas,Tayacaja,Huancavelica,109.07
090702,Acostambo,Tayacaja,Huancavelica,168.06
090703,Acraquia,Tayacaja,Huancavelica,110.27
090704,Ahuaycha,Tayacaja,Huancavelica,90.96
090705,Colcabamba,Tayacaja,Huancavelica,312.18
090706,Daniel Hernandez,Tayacaja,Huancavelica,106.92
090707,Huachocolpa,Tayacaja,Huancavelica,292
090709,Huaribamba,Tayacaja,Huancavelica,150.69
090710,Ñahuimpuquio,Tayacaja,Huancavelica,67.39
090711,Pazos,Tayacaja,Huancavelica,227.86
090713,Quishuar,Tayacaja,Huancavelica,31.54
090714,Salcabamba,Tayacaja,Huancavelica,192.52
090715,Salcahuasi,Tayacaja,Huancavelica,117.98
090716,San Marcos de Rocchac,Tayacaja,Huancavelica,281.71
090717,Surcubamba,Tayacaja,Huancavelica,271.75
090718,Tintay Puncu,Tayacaja,Huancavelica,257.73
090719,Quichuas,Tayacaja,Huancavelica,114.16
090720,Andaymarca,Tayacaja,Huancavelica,144.94
090721,Roble,Tayacaja,Huancavelica,186.03
090722,Pichos,Tayacaja,Huancavelica,144.6
090723,Santiago de Túcuma,Tayacaja,Huancavelica,34.02
100101,Huanuco,Huanuco,Huanuco,126.23
100102,Amarilis,Huanuco,Huanuco,131.68
100103,Chinchao,Huanuco,Huanuco,795.78
100104,Churubamba,Huanuco,Huanuco,507.31
100105,Margos,Huanuco,Huanuco,206.57
100106,Quisqui,Huanuco,Huanuco,172.74
100107,San Francisco de Cayran,Huanuco,Huanuco,146.24
100108,San Pedro de Chaulan,Huanuco,Huanuco,266.36
100109,Santa Maria del Valle,Huanuco,Huanuco,446.63
100110,Yarumayo,Huanuco,Huanuco,60.94
100111,Pillco Marca,Huanuco,Huanuco,76.61
100112,Yacus,Huanuco,Huanuco,69.9
100113,San Pablo de Pillao,Huanuco,Huanuco,584.6
100201,Ambo,Ambo,Huanuco,288.8
100202,Cayna,Ambo,Huanuco,166.05
100203,Colpas,Ambo,Huanuco,174.34
100204,Conchamarca,Ambo,Huanuco,104.81
100205,Huacar,Ambo,Huanuco,234.23
100206,San Francisco,Ambo,Huanuco,121.21
100207,San Rafael,Ambo,Huanuco,443.63
100208,Tomay Kichwa,Ambo,Huanuco,42.11
100301,La Union,Dos de Mayo,Huanuco,167.1
100307,Chuquis,Dos de Mayo,Huanuco,151.25
100311,Marias,Dos de Mayo,Huanuco,637.24
100313,Pachas,Dos de Mayo,Huanuco,264.74
100316,Quivilla,Dos de Mayo,Huanuco,33.6
100317,Ripan,Dos de Mayo,Huanuco,75.04
100321,Shunqui,Dos de Mayo,Huanuco,32.26
100322,Sillapata,Dos de Mayo,Huanuco,70.53
100323,Yanas,Dos de Mayo,Huanuco,36.31
100401,Huacaybamba,Huacaybamba,Huanuco,586.21
100402,Canchabamba,Huacaybamba,Huanuco,186.83
100403,Cochabamba,Huacaybamba,Huanuco,684.87
100404,Pinra,Huacaybamba,Huanuco,283.71
100501,Llata,Huamalies,Huanuco,411.35
100502,Arancay,Huamalies,Huanuco,158.33
100503,Chavin de Pariarca,Huamalies,Huanuco,89.25
100504,Jacas Grande,Huamalies,Huanuco,236.99
100505,Jircan,Huamalies,Huanuco,84.81
100506,Miraflores,Huamalies,Huanuco,96.74
100507,Monzon,Huamalies,Huanuco,1521.39
100508,Punchao,Huamalies,Huanuco,42.24
100509,Puños,Huamalies,Huanuco,101.75
100510,Singa,Huamalies,Huanuco,151.7
100511,Tantamayo,Huamalies,Huanuco,249.95
100601,Rupa-Rupa,Leoncio Prado,Huanuco,266.52
100602,Daniel Alomias Robles,Leoncio Prado,Huanuco,702.46
100603,Hermilio Valdizan,Leoncio Prado,Huanuco,112.2
100604,Jose Crespo y Castillo,Leoncio Prado,Huanuco,2120.66
100605,Luyando,Leoncio Prado,Huanuco,100.32
100606,Mariano Damaso Beraun,Leoncio Prado,Huanuco,766.27
100607,Pucayacu,Leoncio Prado,Huanuco,768.35
100608,Castillo Grande,Leoncio Prado,Huanuco,106.11
100609,Pueblo Nuevo,Leoncio Prado,Huanuco,320.38
100610,Santo Domingo de Anda,Leoncio Prado,Huanuco,283.54
100701,Huacrachuco,Marañon,Huanuco,704.63
100702,Cholon,Marañon,Huanuco,2125.19
100703,San Buenaventura,Marañon,Huanuco,86.54
100704,La Morada,Marañon,Huanuco,878.94
100705,Santa Rosa de Alto Yanajanca,Marañon,Huanuco,1005.96
100801,Panao,Pachitea,Huanuco,1580.86
100802,Chaglla,Pachitea,Huanuco,1103.58
100803,Molino,Pachitea,Huanuco,235.5
100804,Umari,Pachitea,Huanuco,149.08
100901,Puerto Inca,Puerto Inca,Huanuco,2147.18
100902,Codo del Pozuzo,Puerto Inca,Huanuco,3322.04
100903,Honoria,Puerto Inca,Huanuco,798.05
100904,Tournavista,Puerto Inca,Huanuco,2228.46
100905,Yuyapichis,Puerto Inca,Huanuco,1845.62
101001,Jesus,Lauricocha,Huanuco,449.9
101002,Baños,Lauricocha,Huanuco,152.66
101003,Jivia,Lauricocha,Huanuco,61.31
101004,Queropalca,Lauricocha,Huanuco,131.15
101005,Rondos,Lauricocha,Huanuco,169.42
101006,San Francisco de Asis,Lauricocha,Huanuco,84.3
101007,San Miguel de Cauri,Lauricocha,Huanuco,811.75
101101,Chavinillo,Yarowilca,Huanuco,205.16
101102,Cahuac,Yarowilca,Huanuco,29.5
101103,Chacabamba,Yarowilca,Huanuco,16.53
101104,Aparicio Pomares,Yarowilca,Huanuco,183.14
101105,Jacas Chico,Yarowilca,Huanuco,36.16
101106,Obas,Yarowilca,Huanuco,123.16
101107,Pampamarca,Yarowilca,Huanuco,72.68
101108,Choras,Yarowilca,Huanuco,61.14
110101,Ica,Ica,Ica,887.51
110102,La Tinguiña,Ica,Ica,98.34
110103,Los Aquijes,Ica,Ica,90.92
110104,Ocucaje,Ica,Ica,1417.12
110105,Pachacutec,Ica,Ica,34.47
110106,Parcona,Ica,Ica,17.39
110107,Pueblo Nuevo,Ica,Ica,33.12
110108,Salas,Ica,Ica,651.72
110109,San Jose de los Molinos,Ica,Ica,363.2
110110,San Juan Bautista,Ica,Ica,26.39
110111,Santiago,Ica,Ica,2783.73
110112,Subtanjalla,Ica,Ica,193.97
110113,Tate,Ica,Ica,7.07
110114,Yauca del Rosario,Ica,Ica,1289.1
110201,Chincha Alta,Chincha,Ica,238.34
110202,Alto Laran,Chincha,Ica,298.83
110203,Chavin,Chincha,Ica,426.17
110204,Chincha Baja,Chincha,Ica,72.52
110205,El Carmen,Chincha,Ica,789.9
110206,Grocio Prado,Chincha,Ica,190.53
110207,Pueblo Nuevo,Chincha,Ica,209.45
110208,San Juan de Yanac,Chincha,Ica,500.4
110209,San Pedro de Huacarpana,Chincha,Ica,222.45
110210,Sunampe,Chincha,Ica,16.76
110211,Tambo de Mora,Chincha,Ica,22
110301,Nazca,Nazca,Ica,1252.25
110302,Changuillo,Nazca,Ica,946.94
110303,El Ingenio,Nazca,Ica,552.39
110304,Marcona,Nazca,Ica,1955.2
110305,Vista Alegre,Nazca,Ica,527.3
110401,Palpa,Palpa,Ica,147.44
110402,Llipata,Palpa,Ica,186.18
110403,Rio Grande,Palpa,Ica,315.52
110404,Santa Cruz,Palpa,Ica,255.7
110405,Tibillo,Palpa,Ica,328.04
110501,Pisco,Pisco,Ica,24.56
110502,Huancano,Pisco,Ica,905.14
110503,Humay,Pisco,Ica,1112.96
110504,Independencia,Pisco,Ica,272.34
110505,Paracas,Pisco,Ica,1420
110506,San Andres,Pisco,Ica,39.45
110507,San Clemente,Pisco,Ica,127.22
110508,Tupac Amaru Inca,Pisco,Ica,55.48
120101,Huancayo,Huancayo,Junin,237.55
120104,Carhuacallanga,Huancayo,Junin,13.78
120105,Chacapampa,Huancayo,Junin,120.72
120106,Chicche,Huancayo,Junin,45.92
120107,Chilca,Huancayo,Junin,8.3
120108,Chongos Alto,Huancayo,Junin,701.75
120111,Chupuro,Huancayo,Junin,13.56
120112,Colca,Huancayo,Junin,113.25
120113,Cullhuas,Huancayo,Junin,108.01
120114,El Tambo,Huancayo,Junin,73.56
120116,Huacrapuquio,Huancayo,Junin,24.1
120117,Hualhuas,Huancayo,Junin,24.82
120119,Huancan,Huancayo,Junin,12
120120,Huasicancha,Huancayo,Junin,47.61
120121,Huayucachi,Huancayo,Junin,13.13
120122,Ingenio,Huancayo,Junin,53.29
120124,Pariahuanca,Huancayo,Junin,617.5
120125,Pilcomayo,Huancayo,Junin,20.18
120126,Pucara,Huancayo,Junin,110.49
120127,Quichuay,Huancayo,Junin,34.79
120128,Quilcas,Huancayo,Junin,167.98
120129,San Agustin,Huancayo,Junin,23.09
120130,San Jeronimo de Tunan,Huancayo,Junin,20.99
120132,Saño,Huancayo,Junin,11.59
120133,Sapallanga,Huancayo,Junin,119.02
120134,Sicaya,Huancayo,Junin,42.73
120135,Santo Domingo de Acobamba,Huancayo,Junin,778.02
120136,Viques,Huancayo,Junin,3.57
120201,Concepcion,Concepcion,Junin,18.29
120202,Aco,Concepcion,Junin,37.8
120203,Andamarca,Concepcion,Junin,694.9
120204,Chambara,Concepcion,Junin,113.21
120205,Cochas,Concepcion,Junin,165.05
120206,Comas,Concepcion,Junin,825.29
120207,Heroinas Toledo,Concepcion,Junin,25.83
120208,Manzanares,Concepcion,Junin,20.58
120209,Mariscal Castilla,Concepcion,Junin,743.84
120210,Matahuasi,Concepcion,Junin,24.74
120211,Mito,Concepcion,Junin,25.21
120212,Nueve de Julio,Concepcion,Junin,7.28
120213,Orcotuna,Concepcion,Junin,44.61
120214,San Jose de Quero,Concepcion,Junin,314.8
120215,Santa Rosa de Ocopa,Concepcion,Junin,13.91
120301,Chanchamayo,Chanchamayo,Junin,919.72
120302,Perene,Chanchamayo,Junin,1191.16
120303,Pichanaqui,Chanchamayo,Junin,1496.59
120304,San Luis de Shuaro,Chanchamayo,Junin,212.49
120305,San Ramon,Chanchamayo,Junin,591.67
120306,Vitoc,Chanchamayo,Junin,313.85
120401,Jauja,Jauja,Junin,10.1
120402,Acolla,Jauja,Junin,122.4
120403,Apata,Jauja,Junin,421.62
120404,Ataura,Jauja,Junin,5.9
120405,Canchayllo,Jauja,Junin,974.69
120406,Curicaca,Jauja,Junin,64.68
120407,El Mantaro,Jauja,Junin,17.76
120408,Huamali,Jauja,Junin,20.19
120409,Huaripampa,Jauja,Junin,14.19
120410,Huertas,Jauja,Junin,11.82
120411,Janjaillo,Jauja,Junin,31.57
120412,Julcan,Jauja,Junin,24.78
120413,Leonor Ordoñez,Jauja,Junin,20.34
120414,Llocllapampa,Jauja,Junin,110.6
120415,Marco,Jauja,Junin,28.8
120416,Masma,Jauja,Junin,14.26
120417,Masma Chicche,Jauja,Junin,29.86
120418,Molinos,Jauja,Junin,312.17
120419,Monobamba,Jauja,Junin,295.83
120420,Muqui,Jauja,Junin,11.74
120421,Muquiyauyo,Jauja,Junin,19.86
120422,Paca,Jauja,Junin,34.22
120423,Paccha,Jauja,Junin,90.86
120424,Pancan,Jauja,Junin,10.89
120425,Parco,Jauja,Junin,32.82
120426,Pomacancha,Jauja,Junin,281.61
120427,Ricran,Jauja,Junin,319.95
120428,San Lorenzo,Jauja,Junin,22.15
120429,San Pedro de Chunan,Jauja,Junin,8.44
120430,Sausa,Jauja,Junin,4.5
120431,Sincos,Jauja,Junin,236.74
120432,Tunan Marca,Jauja,Junin,30.07
120433,Yauli,Jauja,Junin,93.15
120434,Yauyos,Jauja,Junin,20.54
120501,Junin,Junin,Junin,883.8
120502,Carhuamayo,Junin,Junin,219.68
120503,Ondores,Junin,Junin,254.46
120504,Ulcumayo,Junin,Junin,1129.37
120601,Satipo,Satipo,Junin,732.02
120602,Coviriali,Satipo,Junin,145.13
120603,Llaylla,Satipo,Junin,180.39
120604,Mazamari,Satipo,Junin,2219.63
120605,Pampa Hermosa,Satipo,Junin,566.82
120606,Pangoa,Satipo,Junin,3679.4
120607,Rio Negro,Satipo,Junin,714.98
120608,Rio Tambo,Satipo,Junin,10349.9
120609,Vizcatán del Ene,Satipo,Junin,631.21
120701,Tarma,Tarma,Junin,459.95
120702,Acobamba,Tarma,Junin,97.84
120703,Huaricolca,Tarma,Junin,162.31
120704,Huasahuasi,Tarma,Junin,652.15
120705,La Union,Tarma,Junin,140.4
120706,Palca,Tarma,Junin,378.08
120707,Palcamayo,Tarma,Junin,169.24
120708,San Pedro de Cajas,Tarma,Junin,537.31
120709,Tapo,Tarma,Junin,151.88
120801,La Oroya,Yauli,Junin,388.42
120802,Chacapalpa,Yauli,Junin,183.06
120803,Huay-Huay,Yauli,Junin,179.94
120804,Marcapomacocha,Yauli,Junin,888.56
120805,Morococha,Yauli,Junin,265.67
120806,Paccha,Yauli,Junin,323.69
120807,Santa Barbara de Carhuacayan,Yauli,Junin,646.29
120808,Santa Rosa de Sacco,Yauli,Junin,101.09
120809,Suitucancha,Yauli,Junin,216.47
120810,Yauli,Yauli,Junin,424.16
120901,Chupaca,Chupaca,Junin,21.7
120902,Ahuac,Chupaca,Junin,70.44
120903,Chongos Bajo,Chupaca,Junin,100.95
120904,Huachac,Chupaca,Junin,22.01
120905,Huamancaca Chico,Chupaca,Junin,9.4
120906,San Juan de Yscos,Chupaca,Junin,24.7
120907,San Juan de Jarpa,Chupaca,Junin,137.02
120908,Tres de Diciembre,Chupaca,Junin,14.66
120909,Yanacancha,Chupaca,Junin,743.4
130101,Trujillo,Trujillo,La Libertad,39.36
130102,El Porvenir,Trujillo,La Libertad,36.7
130103,Florencia de Mora,Trujillo,La Libertad,1.99
130104,Huanchaco,Trujillo,La Libertad,332.14
130105,La Esperanza,Trujillo,La Libertad,15.55
130106,Laredo,Trujillo,La Libertad,335.44
130107,Moche,Trujillo,La Libertad,25.25
130108,Poroto,Trujillo,La Libertad,276.01
130109,Salaverry,Trujillo,La Libertad,295.88
130110,Simbal,Trujillo,La Libertad,390.55
130111,Victor Larco Herrera,Trujillo,La Libertad,18.02
130201,Ascope,Ascope,La Libertad,290.18
130202,Chicama,Ascope,La Libertad,870.58
130203,Chocope,Ascope,La Libertad,95.73
130204,Magdalena de Cao,Ascope,La Libertad,163.01
130205,Paijan,Ascope,La Libertad,79.69
130206,Razuri,Ascope,La Libertad,317.3
130207,Santiago de Cao,Ascope,La Libertad,154.55
130208,Casa Grande,Ascope,La Libertad,687.6
130301,Bolivar,Bolivar,La Libertad,740.58
130302,Bambamarca,Bolivar,La Libertad,165.2
130303,Condormarca,Bolivar,La Libertad,331.26
130304,Longotea,Bolivar,La Libertad,192.88
130305,Uchumarca,Bolivar,La Libertad,190.53
130306,Ucuncha,Bolivar,La Libertad,98.41
130401,Chepen,Chepen,La Libertad,287.34
130402,Pacanga,Chepen,La Libertad,583.93
130403,Pueblo Nuevo,Chepen,La Libertad,271.16
130501,Julcan,Julcan,La Libertad,208.49
130502,Calamarca,Julcan,La Libertad,207.57
130503,Carabamba,Julcan,La Libertad,254.28
130504,Huaso,Julcan,La Libertad,431.05
130601,Otuzco,Otuzco,La Libertad,444.13
130602,Agallpampa,Otuzco,La Libertad,258.56
130604,Charat,Otuzco,La Libertad,68.89
130605,Huaranchal,Otuzco,La Libertad,149.65
130606,La Cuesta,Otuzco,La Libertad,39.25
130608,Mache,Otuzco,La Libertad,37.32
130610,Paranday,Otuzco,La Libertad,21.46
130611,Salpo,Otuzco,La Libertad,192.74
130613,Sinsicap,Otuzco,La Libertad,452.95
130614,Usquil,Otuzco,La Libertad,445.82
130701,San Pedro de Lloc,Pacasmayo,La Libertad,697.01
130702,Guadalupe,Pacasmayo,La Libertad,165.37
130703,Jequetepeque,Pacasmayo,La Libertad,50.98
130704,Pacasmayo,Pacasmayo,La Libertad,30.84
130705,San Jose,Pacasmayo,La Libertad,181.06
130801,Tayabamba,Pataz,La Libertad,339.13
130802,Buldibuyo,Pataz,La Libertad,227.39
130803,Chillia,Pataz,La Libertad,300.04
130804,Huancaspata,Pataz,La Libertad,247.48
130805,Huaylillas,Pataz,La Libertad,89.73
130806,Huayo,Pataz,La Libertad,124.63
130807,Ongon,Pataz,La Libertad,1394.89
130808,Parcoy,Pataz,La Libertad,304.99
130809,Pataz,Pataz,La Libertad,467.44
130810,Pias,Pataz,La Libertad,371.67
130811,Santiago de Challas,Pataz,La Libertad,129.44
130812,Taurija,Pataz,La Libertad,130.09
130813,Urpay,Pataz,La Libertad,99.61
130901,Huamachuco,Sanchez Carrion,La Libertad,424.13
130902,Chugay,Sanchez Carrion,La Libertad,416.31
130903,Cochorco,Sanchez Carrion,La Libertad,258.04
130904,Curgos,Sanchez Carrion,La Libertad,99.5
130905,Marcabal,Sanchez Carrion,La Libertad,229.57
130906,Sanagoran,Sanchez Carrion,La Libertad,324.38
130907,Sarin,Sanchez Carrion,La Libertad,340.08
130908,Sartimbamba,Sanchez Carrion,La Libertad,394.37
131001,Santiago de Chuco,Santiago de Chuco,La Libertad,1073.63
131002,Angasmarca,Santiago de Chuco,La Libertad,153.45
131003,Cachicadan,Santiago de Chuco,La Libertad,266.5
131004,Mollebamba,Santiago de Chuco,La Libertad,69.69
131005,Mollepata,Santiago de Chuco,La Libertad,71.2
131006,Quiruvilca,Santiago de Chuco,La Libertad,549.14
131007,Santa Cruz de Chuca,Santiago de Chuco,La Libertad,165.12
131008,Sitabamba,Santiago de Chuco,La Libertad,310.23
131101,Cascas,Gran Chimu,La Libertad,465.67
131102,Lucma,Gran Chimu,La Libertad,280.38
131103,Compin,Gran Chimu,La Libertad,300.25
131104,Sayapullo,Gran Chimu,La Libertad,238.47
131201,Viru,Viru,La Libertad,1072.95
131202,Chao,Viru,La Libertad,1736.87
131203,Guadalupito,Viru,La Libertad,404.72
140101,Chiclayo,Chiclayo,Lambayeque,50.35
140102,Chongoyape,Chiclayo,Lambayeque,712
140103,Eten,Chiclayo,Lambayeque,84.78
140104,Eten Puerto,Chiclayo,Lambayeque,14.48
140105,Jose Leonardo Ortiz,Chiclayo,Lambayeque,28.22
140106,La Victoria,Chiclayo,Lambayeque,29.36
140107,Lagunas,Chiclayo,Lambayeque,429.27
140108,Monsefu,Chiclayo,Lambayeque,44.94
140109,Nueva Arica,Chiclayo,Lambayeque,208.63
140110,Oyotun,Chiclayo,Lambayeque,455.4
140111,Picsi,Chiclayo,Lambayeque,56.92
140112,Pimentel,Chiclayo,Lambayeque,66.53
140113,Reque,Chiclayo,Lambayeque,47.03
140114,Santa Rosa,Chiclayo,Lambayeque,14.09
140115,Saña,Chiclayo,Lambayeque,313.9
140116,Cayalti,Chiclayo,Lambayeque,162.86
140117,Patapo,Chiclayo,Lambayeque,182.81
140118,Pomalca,Chiclayo,Lambayeque,80.35
140119,Pucala,Chiclayo,Lambayeque,175.81
140120,Tuman,Chiclayo,Lambayeque,130.34
140201,Ferreñafe,Ferreñafe,Lambayeque,62.18
140202,Cañaris,Ferreñafe,Lambayeque,284.88
140203,Incahuasi,Ferreñafe,Lambayeque,443.91
140204,Manuel Antonio Mesones Muro,Ferreñafe,Lambayeque,200.57
140205,Pitipo,Ferreñafe,Lambayeque,558.18
140206,Pueblo Nuevo,Ferreñafe,Lambayeque,28.88
140301,Lambayeque,Lambayeque,Lambayeque,330.73
140302,Chochope,Lambayeque,Lambayeque,79.27
140303,Illimo,Lambayeque,Lambayeque,24.37
140304,Jayanca,Lambayeque,Lambayeque,680.96
140305,Mochumi,Lambayeque,Lambayeque,103.7
140306,Morrope,Lambayeque,Lambayeque,1041.66
140307,Motupe,Lambayeque,Lambayeque,557.37
140308,Olmos,Lambayeque,Lambayeque,5583.47
140309,Pacora,Lambayeque,Lambayeque,87.79
140310,Salas,Lambayeque,Lambayeque,991.8
140311,San Jose,Lambayeque,Lambayeque,46.73
140312,Tucume,Lambayeque,Lambayeque,67
150101,Lima,Lima,Lima,21.98
150102,Ancon,Lima,Lima,285.45
150103,Ate,Lima,Lima,77.72
150104,Barranco,Lima,Lima,3.33
150105,Breña,Lima,Lima,3.22
150106,Carabayllo,Lima,Lima,303.31
150107,Chaclacayo,Lima,Lima,39.5
150108,Chorrillos,Lima,Lima,38.94
150109,Cieneguilla,Lima,Lima,240.33
150110,Comas,Lima,Lima,48.75
150111,El Agustino,Lima,Lima,12.54
150112,Independencia,Lima,Lima,14.56
150113,Jesus Maria,Lima,Lima,4.57
150114,La Molina,Lima,Lima,65.75
150115,La Victoria,Lima,Lima,8.74
150116,Lince,Lima,Lima,3.03
150117,Los Olivos,Lima,Lima,18.25
150118,Lurigancho,Lima,Lima,236.47
150119,Lurin,Lima,Lima,180.26
150120,Magdalena del Mar,Lima,Lima,3.61
150121,Pueblo Libre,Lima,Lima,4.38
150122,Miraflores,Lima,Lima,9.62
150123,Pachacamac,Lima,Lima,160.23
150124,Pucusana,Lima,Lima,37.39
150125,Puente Piedra,Lima,Lima,72.81
150126,Punta Hermosa,Lima,Lima,119.5
150127,Punta Negra,Lima,Lima,130.5
150128,Rimac,Lima,Lima,11.87
150129,San Bartolo,Lima,Lima,45.01
150130,San Borja,Lima,Lima,9.96
150131,San Isidro,Lima,Lima,11.1
150132,San Juan de Lurigancho,Lima,Lima,131.25
150133,San Juan de Miraflores,Lima,Lima,22.97
150134,San Luis,Lima,Lima,3.49
150135,San Martin de Porres,Lima,Lima,36.82
150136,San Miguel,Lima,Lima,10.72
150137,Santa Anita,Lima,Lima,10.69
150138,Santa Maria del Mar,Lima,Lima,9.81
150139,Santa Rosa,Lima,Lima,21.35
150140,Santiago de Surco,Lima,Lima,35.89
150141,Surquillo,Lima,Lima,3.46
150142,Villa El Salvador,Lima,Lima,35.46
150143,Villa Maria del Triunfo,Lima,Lima,70.57
150201,Barranca,Barranca,Lima,158.82
150202,Paramonga,Barranca,Lima,408.59
150203,Pativilca,Barranca,Lima,278.64
150204,Supe,Barranca,Lima,512.92
150205,Supe Puerto,Barranca,Lima,11.51
150301,Cajatambo,Cajatambo,Lima,567.96
150302,Copa,Cajatambo,Lima,212.16
150303,Gorgor,Cajatambo,Lima,309.95
150304,Huancapon,Cajatambo,Lima,146.1
150305,Manas,Cajatambo,Lima,279.04
150401,Canta,Canta,Lima,123.09
150402,Arahuay,Canta,Lima,134.29
150403,Huamantanga,Canta,Lima,488.09
150404,Huaros,Canta,Lima,333.45
150405,Lachaqui,Canta,Lima,137.87
150406,San Buenaventura,Canta,Lima,106.26
150407,Santa Rosa de Quives,Canta,Lima,408.11
150501,San Vicente de Cañete,Cañete,Lima,513.15
150502,Asia,Cañete,Lima,277.36
150503,Calango,Cañete,Lima,530.89
150504,Cerro Azul,Cañete,Lima,105.08
150505,Chilca,Cañete,Lima,475.47
150506,Coayllo,Cañete,Lima,590.99
150507,Imperial,Cañete,Lima,53.16
150508,Lunahuana,Cañete,Lima,500.33
150509,Mala,Cañete,Lima,129.31
150510,Nuevo Imperial,Cañete,Lima,329.3
150511,Pacaran,Cañete,Lima,258.72
150512,Quilmana,Cañete,Lima,437.4
150513,San Antonio,Cañete,Lima,37.15
150514,San Luis,Cañete,Lima,38.53
150515,Santa Cruz de Flores,Cañete,Lima,100.06
150516,Zuñiga,Cañete,Lima,198.01
150601,Huaral,Huaral,Lima,640.76
150602,Atavillos Alto,Huaral,Lima,347.69
150603,Atavillos Bajo,Huaral,Lima,164.89
150604,Aucallama,Huaral,Lima,729.41
150605,Chancay,Huaral,Lima,150.11
150606,Ihuari,Huaral,Lima,467.67
150607,Lampian,Huaral,Lima,144.97
150608,Pacaraos,Huaral,Lima,294.04
150609,San Miguel de Acos,Huaral,Lima,48.16
150610,Santa Cruz de Andamarca,Huaral,Lima,216.92
150611,Sumbilca,Huaral,Lima,259.38
150612,Veintisiete de Noviembre,Huaral,Lima,204.27
150701,Matucana,Huarochiri,Lima,179.44
150702,Antioquia,Huarochiri,Lima,387.98
150703,Callahuanca,Huarochiri,Lima,57.47
150704,Carampoma,Huarochiri,Lima,234.21
150705,Chicla,Huarochiri,Lima,244.1
150706,Cuenca,Huarochiri,Lima,60.02
150707,Huachupampa,Huarochiri,Lima,76.02
150708,Huanza,Huarochiri,Lima,227.01
150709,Huarochiri,Huarochiri,Lima,249.09
150710,Lahuaytambo,Huarochiri,Lima,81.88
150711,Langa,Huarochiri,Lima,80.99
150712,Laraos,Huarochiri,Lima,104.51
150713,Mariatana,Huarochiri,Lima,168.63
150714,Ricardo Palma,Huarochiri,Lima,34.59
150715,San Andres de Tupicocha,Huarochiri,Lima,83.35
150716,San Antonio,Huarochiri,Lima,563.59
150717,San Bartolome,Huarochiri,Lima,43.91
150718,San Damian,Huarochiri,Lima,343.22
150719,San Juan de Iris,Huarochiri,Lima,124.31
150720,San Juan de Tantaranche,Huarochiri,Lima,137.16
150721,San Lorenzo de Quinti,Huarochiri,Lima,467.58
150722,San Mateo,Huarochiri,Lima,425.6
150723,San Mateo de Otao,Huarochiri,Lima,123.91
150724,San Pedro de Casta,Huarochiri,Lima,79.91
150725,San Pedro de Huancayre,Huarochiri,Lima,41.75
150726,Sangallaya,Huarochiri,Lima,81.92
150727,Santa Cruz de Cocachacra,Huarochiri,Lima,41.5
150728,Santa Eulalia,Huarochiri,Lima,111.12
150729,Santiago de Anchucaya,Huarochiri,Lima,94.01
150730,Santiago de Tuna,Huarochiri,Lima,54.25
150731,Santo Domingo de los Olleros,Huarochiri,Lima,552.32
150732,Surco,Huarochiri,Lima,102.58
150801,Huacho,Huaura,Lima,717.02
150802,Ambar,Huaura,Lima,929.68
150803,Caleta de Carquin,Huaura,Lima,2.04
150804,Checras,Huaura,Lima,166.37
150805,Hualmay,Huaura,Lima,5.81
150806,Huaura,Huaura,Lima,484.43
150807,Leoncio Prado,Huaura,Lima,300.13
150808,Paccho,Huaura,Lima,229.25
150809,Santa Leonor,Huaura,Lima,375.49
150810,Santa Maria,Huaura,Lima,127.51
150811,Sayan,Huaura,Lima,1310.77
150812,Vegueta,Huaura,Lima,253.7
150901,Oyon,Oyon,Lima,890.43
150902,Andajes,Oyon,Lima,148.18
150903,Caujul,Oyon,Lima,105.5
150904,Cochamarca,Oyon,Lima,265.55
150905,Navan,Oyon,Lima,227.16
150906,Pachangara,Oyon,Lima,252.05
151001,Yauyos,Yauyos,Lima,327.17
151002,Alis,Yauyos,Lima,142.06
151003,Ayauca,Yauyos,Lima,438.79
151004,Ayaviri,Yauyos,Lima,238.83
151005,Azangaro,Yauyos,Lima,79.84
151006,Cacra,Yauyos,Lima,213.79
151007,Carania,Yauyos,Lima,122.13
151008,Catahuasi,Yauyos,Lima,123.86
151009,Chocos,Yauyos,Lima,213.37
151010,Cochas,Yauyos,Lima,27.73
151011,Colonia,Yauyos,Lima,323.96
151012,Hongos,Yauyos,Lima,103.8
151013,Huampara,Yauyos,Lima,54.03
151014,Huancaya,Yauyos,Lima,283.6
151015,Huangascar,Yauyos,Lima,50.46
151016,Huantan,Yauyos,Lima,516.35
151017,Huañec,Yauyos,Lima,37.54
151018,Laraos,Yauyos,Lima,402.85
151019,Lincha,Yauyos,Lima,221.22
151020,Madean,Yauyos,Lima,220.72
151021,Miraflores,Yauyos,Lima,226.24
151022,Omas,Yauyos,Lima,295.35
151023,Putinza,Yauyos,Lima,66.44
151024,Quinches,Yauyos,Lima,113.33
151025,Quinocay,Yauyos,Lima,153.13
151026,San Joaquin,Yauyos,Lima,41.24
151027,San Pedro de Pilas,Yauyos,Lima,97.39
151028,Tanta,Yauyos,Lima,347.15
151029,Tauripampa,Yauyos,Lima,530.86
151030,Tomas,Yauyos,Lima,297.93
151031,Tupe,Yauyos,Lima,321.15
151032,Viñac,Yauyos,Lima,165.23
151033,Vitis,Yauyos,Lima,101.79
160101,Iquitos,Maynas,Loreto,358.15
160102,Alto Nanay,Maynas,Loreto,14290.81
160103,Fernando Lores,Maynas,Loreto,4476.19
160104,Indiana,Maynas,Loreto,3297.76
160105,Las Amazonas,Maynas,Loreto,6593.64
160106,Mazan,Maynas,Loreto,9884.28
160107,Napo,Maynas,Loreto,24049.95
160108,Punchana,Maynas,Loreto,1573.39
160110,Torres Causana,Maynas,Loreto,6795.14
160112,Belen,Maynas,Loreto,632.8
160113,San Juan Bautista,Maynas,Loreto,3117.05
160201,Yurimaguas,Alto Amazonas,Loreto,2187.67
160202,Balsapuerto,Alto Amazonas,Loreto,2954.17
160205,Jeberos,Alto Amazonas,Loreto,4253.68
160206,Lagunas,Alto Amazonas,Loreto,5929.16
160210,Santa Cruz,Alto Amazonas,Loreto,2222.31
160211,Teniente Cesar Lopez Rojas,Alto Amazonas,Loreto,1292.03
160301,Nauta,Loreto,Loreto,6672.35
160302,Parinari,Loreto,Loreto,12934.74
160303,Tigre,Loreto,Loreto,19785.7
160304,Trompeteros,Loreto,Loreto,12246.01
160305,Urarinas,Loreto,Loreto,15434.46
160401,Ramon Castilla,Mariscal Ramon Castilla,Loreto,7163.07
160402,Pebas,Mariscal Ramon Castilla,Loreto,11048.35
160403,Yavari,Mariscal Ramon Castilla,Loreto,13807.54
160404,San Pablo,Mariscal Ramon Castilla,Loreto,5045.58
160501,Requena,Requena,Loreto,3038.56
160502,Alto Tapiche,Requena,Loreto,9013.8
160503,Capelo,Requena,Loreto,842.37
160504,Emilio San Martin,Requena,Loreto,4572.56
160505,Maquia,Requena,Loreto,4792.06
160506,Puinahua,Requena,Loreto,6149.49
160507,Saquena,Requena,Loreto,2081.42
160508,Soplin,Requena,Loreto,4711.38
160509,Tapiche,Requena,Loreto,2014.23
160510,Jenaro Herrera,Requena,Loreto,1517.43
160511,Yaquerana,Requena,Loreto,10947.16
160601,Contamana,Ucayali,Loreto,10675.13
160602,Inahuaya,Ucayali,Loreto,646.04
160603,Padre Marquez,Ucayali,Loreto,2475.66
160604,Pampa Hermosa,Ucayali,Loreto,7346.98
160605,Sarayacu,Ucayali,Loreto,6303.17
160606,Vargas Guerra,Ucayali,Loreto,1846.49
160701,Barranca,Datem del Marañon,Loreto,7235.53
160702,Cahuapanas,Datem del Marañon,Loreto,4685.11
160703,Manseriche,Datem del Marañon,Loreto,3493.77
160704,Morona,Datem del Marañon,Loreto,10776.95
160705,Pastaza,Datem del Marañon,Loreto,8908.91
160706,Andoas,Datem del Marañon,Loreto,11540.66
160801,Putumayo,Maynas,Loreto,10886.41
160802,Rosa Panduro,Maynas,Loreto,7038.69
160803,Teniente Manuel Clavero,Maynas,Loreto,9488.52
160804,Yaguas,Maynas,Loreto,17725.02
170101,Tambopata,Tambopata,Madre de Dios,22218.56
170102,Inambari,Tambopata,Madre de Dios,4256.82
170103,Las Piedras,Tambopata,Madre de Dios,7032.21
170104,Laberinto,Tambopata,Madre de Dios,2760.9
170201,Manu,Manu,Madre de Dios,8166.65
170202,Fitzcarrald,Manu,Madre de Dios,10955.29
170203,Madre de Dios,Manu,Madre de Dios,7234.81
170204,Huepetuhe,Manu,Madre de Dios,1478.42
170301,Iñapari,Tahuamanu,Madre de Dios,14853.66
170302,Iberia,Tahuamanu,Madre de Dios,2549.32
170303,Tahuamanu,Tahuamanu,Madre de Dios,3793.9
180101,Moquegua,Mariscal Nieto,Moquegua,3949.04
180102,Carumas,Mariscal Nieto,Moquegua,2256.31
180103,Cuchumbaya,Mariscal Nieto,Moquegua,67.58
180104,Samegua,Mariscal Nieto,Moquegua,62.55
180105,San Cristobal,Mariscal Nieto,Moquegua,542.73
180106,Torata,Mariscal Nieto,Moquegua,1793.37
180201,Omate,General Sanchez Cerr,Moquegua,250.64
180202,Chojata,General Sanchez Cerr,Moquegua,847.94
180203,Coalaque,General Sanchez Cerr,Moquegua,247.58
180204,Ichuña,General Sanchez Cerr,Moquegua,1017.74
180205,La Capilla,General Sanchez Cerr,Moquegua,776.04
180206,Lloque,General Sanchez Cerr,Moquegua,254.45
180207,Matalaque,General Sanchez Cerr,Moquegua,557.23
180208,Puquina,General Sanchez Cerr,Moquegua,550.99
180209,Quinistaquillas,General Sanchez Cerr,Moquegua,193.79
180210,Ubinas,General Sanchez Cerr,Moquegua,874.57
180211,Yunga,General Sanchez Cerr,Moquegua,110.74
180301,Ilo,Ilo,Moquegua,295.51
180302,El Algarrobal,Ilo,Moquegua,747
180303,Pacocha,Ilo,Moquegua,338.08
190101,Chaupimarca,Pasco,Pasco,6.66
190102,Huachon,Pasco,Pasco,846.3
190103,Huariaca,Pasco,Pasco,133.07
190104,Huayllay,Pasco,Pasco,1026.87
190105,Ninacaca,Pasco,Pasco,508.92
190106,Pallanchacra,Pasco,Pasco,73.69
190107,Paucartambo,Pasco,Pasco,782.19
190108,San Francisco de Asis de Yarusyacan,Pasco,Pasco,117.7
190109,Simon Bolivar,Pasco,Pasco,697.15
190110,Ticlacayan,Pasco,Pasco,748.43
190111,Tinyahuarco,Pasco,Pasco,94.49
190112,Vicco,Pasco,Pasco,173.3
190113,Yanacancha,Pasco,Pasco,165.11
190201,Yanahuanca,Daniel Alcides Carri,Pasco,921.06
190202,Chacayan,Daniel Alcides Carri,Pasco,198.58
190203,Goyllarisquizga,Daniel Alcides Carri,Pasco,23.17
190204,Paucar,Daniel Alcides Carri,Pasco,134.18
190205,San Pedro de Pillao,Daniel Alcides Carri,Pasco,92.17
190206,Santa Ana de Tusi,Daniel Alcides Carri,Pasco,353.11
190207,Tapuc,Daniel Alcides Carri,Pasco,60.19
190208,Vilcabamba,Daniel Alcides Carri,Pasco,102.35
190301,Oxapampa,Oxapampa,Pasco,419.85
190302,Chontabamba,Oxapampa,Pasco,457.09
190303,Huancabamba,Oxapampa,Pasco,1182.15
190304,Palcazu,Oxapampa,Pasco,2912.16
190305,Pozuzo,Oxapampa,Pasco,750.87
190306,Puerto Bermudez,Oxapampa,Pasco,8014.31
190307,Villa Rica,Oxapampa,Pasco,859.23
190308,Constitución,Oxapampa,Pasco,3171.49
200101,Piura,Piura,Piura,196.15
200104,Castilla,Piura,Piura,656.69
200105,Catacaos,Piura,Piura,2286.97
200107,Cura Mori,Piura,Piura,217.41
200108,El Tallan,Piura,Piura,100.98
200109,La Arena,Piura,Piura,171.24
200110,La Union,Piura,Piura,320.9
200111,Las Lomas,Piura,Piura,557.69
200114,Tambo Grande,Piura,Piura,1496.75
200115,26 de Octubre,Piura,Piura,72.01
200201,Ayabaca,Ayabaca,Piura,1549.99
200202,Frias,Ayabaca,Piura,565.31
200203,Jilili,Ayabaca,Piura,104.73
200204,Lagunas,Ayabaca,Piura,190.82
200205,Montero,Ayabaca,Piura,130.57
200206,Pacaipampa,Ayabaca,Piura,981.5
200207,Paimas,Ayabaca,Piura,319.67
200208,Sapillica,Ayabaca,Piura,267.09
200209,Sicchez,Ayabaca,Piura,33.1
200210,Suyo,Ayabaca,Piura,1078.61
200301,Huancabamba,Huancabamba,Piura,446.75
200302,Canchaque,Huancabamba,Piura,306.41
200303,El Carmen de La Frontera,Huancabamba,Piura,702.81
200304,Huarmaca,Huancabamba,Piura,1908.22
200305,Lalaquiz,Huancabamba,Piura,138.95
200306,San Miguel de El Faique,Huancabamba,Piura,201.6
200307,Sondor,Huancabamba,Piura,336.53
200308,Sondorillo,Huancabamba,Piura,226.09
200401,Chulucanas,Morropon,Piura,842.26
200402,Buenos Aires,Morropon,Piura,245.12
200403,Chalaco,Morropon,Piura,151.96
200404,La Matanza,Morropon,Piura,1043.61
200405,Morropon,Morropon,Piura,169.96
200406,Salitral,Morropon,Piura,614.03
200407,San Juan de Bigote,Morropon,Piura,245.21
200408,Santa Catalina de Mossa,Morropon,Piura,76.76
200409,Santo Domingo,Morropon,Piura,187.32
200410,Yamango,Morropon,Piura,216.91
200501,Paita,Paita,Piura,706.31
200502,Amotape,Paita,Piura,90.82
200503,Arenal,Paita,Piura,8.19
200504,Colan,Paita,Piura,124.93
200505,La Huaca,Paita,Piura,599.51
200506,Tamarindo,Paita,Piura,63.67
200507,Vichayal,Paita,Piura,134.36
200601,Sullana,Sullana,Piura,529.73
200602,Bellavista,Sullana,Piura,3.09
200603,Ignacio Escudero,Sullana,Piura,306.53
200604,Lancones,Sullana,Piura,2152.99
200605,Marcavelica,Sullana,Piura,1687.98
200606,Miguel Checa,Sullana,Piura,480.26
200607,Querecotillo,Sullana,Piura,270.08
200608,Salitral,Sullana,Piura,28.27
200701,Pariñas,Talara,Piura,1116.99
200702,El Alto,Talara,Piura,491.33
200703,La Brea,Talara,Piura,692.96
200704,Lobitos,Talara,Piura,233.01
200705,Los Organos,Talara,Piura,165.01
200706,Mancora,Talara,Piura,100.19
200801,Sechura,Sechura,Piura,5710.85
200802,Bellavista de La Union,Sechura,Piura,13.88
200803,Bernal,Sechura,Piura,71.74
200804,Cristo Nos Valga,Sechura,Piura,234.37
200805,Vice,Sechura,Piura,261.01
200806,Rinconada Llicuar,Sechura,Piura,19.44
210101,Puno,Puno,Puno,460.63
210102,Acora,Puno,Puno,1941.09
210103,Amantani,Puno,Puno,15
210104,Atuncolla,Puno,Puno,124.74
210105,Capachica,Puno,Puno,117.06
210106,Chucuito,Puno,Puno,121.18
210107,Coata,Puno,Puno,104
210108,Huata,Puno,Puno,130.37
210109,Mañazo,Puno,Puno,410.67
210110,Paucarcolla,Puno,Puno,170.04
210111,Pichacani,Puno,Puno,1633.48
210112,Plateria,Puno,Puno,238.59
210113,San Antonio,Puno,Puno,376.75
210114,Tiquillaca,Puno,Puno,455.71
210115,Vilque,Puno,Puno,193.29
210201,Azangaro,Azangaro,Puno,706.13
210202,Achaya,Azangaro,Puno,132.23
210203,Arapa,Azangaro,Puno,329.85
210204,Asillo,Azangaro,Puno,392.38
210205,Caminaca,Azangaro,Puno,146.88
210206,Chupa,Azangaro,Puno,143.21
210207,Jose Domingo Choquehuanca,Azangaro,Puno,69.73
210208,Muñani,Azangaro,Puno,764.49
210209,Potoni,Azangaro,Puno,602.95
210210,Saman,Azangaro,Puno,188.59
210211,San Anton,Azangaro,Puno,514.84
210212,San Jose,Azangaro,Puno,372.73
210213,San Juan de Salinas,Azangaro,Puno,106
210214,Santiago de Pupuja,Azangaro,Puno,301.27
210215,Tirapata,Azangaro,Puno,198.73
210301,Macusani,Carabaya,Puno,1029.56
210302,Ajoyani,Carabaya,Puno,413.11
210303,Ayapata,Carabaya,Puno,1091.61
210304,Coasa,Carabaya,Puno,3572.92
210305,Corani,Carabaya,Puno,852.99
210306,Crucero,Carabaya,Puno,836.37
210307,Ituata,Carabaya,Puno,1200.79
210308,Ollachea,Carabaya,Puno,595.79
210309,San Gaban,Carabaya,Puno,2029.22
210310,Usicayos,Carabaya,Puno,644.04
210401,Juli,Chucuito,Puno,720.38
210402,Desaguadero,Chucuito,Puno,178.21
210403,Huacullani,Chucuito,Puno,705.28
210404,Kelluyo,Chucuito,Puno,485.77
210405,Pisacoma,Chucuito,Puno,959.34
210406,Pomata,Chucuito,Puno,382.58
210407,Zepita,Chucuito,Puno,546.57
210501,Ilave,El Collao,Puno,874.57
210502,Capazo,El Collao,Puno,1039.25
210503,Pilcuyo,El Collao,Puno,157
210504,Santa Rosa,El Collao,Puno,2524.02
210505,Conduriri,El Collao,Puno,1005.67
210601,Huancane,Huancane,Puno,381.62
210602,Cojata,Huancane,Puno,881.18
210603,Huatasani,Huancane,Puno,106.73
210604,Inchupalla,Huancane,Puno,289.03
210605,Pusi,Huancane,Puno,148.42
210606,Rosaspata,Huancane,Puno,301.47
210607,Taraco,Huancane,Puno,198.02
210608,Vilque Chico,Huancane,Puno,499.38
210701,Lampa,Lampa,Puno,675.82
210702,Cabanilla,Lampa,Puno,443.04
210703,Calapuja,Lampa,Puno,141.3
210704,Nicasio,Lampa,Puno,134.35
210705,Ocuviri,Lampa,Puno,878.26
210706,Palca,Lampa,Puno,483.96
210707,Paratia,Lampa,Puno,745.08
210708,Pucara,Lampa,Puno,537.6
210709,Santa Lucia,Lampa,Puno,1595.67
210710,Vilavila,Lampa,Puno,156.65
210801,Ayaviri,Melgar,Puno,1013.14
210802,Antauta,Melgar,Puno,636.17
210803,Cupi,Melgar,Puno,214.25
210804,Llalli,Melgar,Puno,216.36
210805,Macari,Melgar,Puno,673.78
210806,Nuñoa,Melgar,Puno,2200.16
210807,Orurillo,Melgar,Puno,379.05
210808,Santa Rosa,Melgar,Puno,790.38
210809,Umachiri,Melgar,Puno,323.56
210901,Moho,Moho,Puno,494.36
210902,Conima,Moho,Puno,72.95
210903,Huayrapata,Moho,Puno,388.35
210904,Tilali,Moho,Puno,48.15
211001,Putina,San Antonio de Putin,Puno,1021.92
211002,Ananea,San Antonio de Putin,Puno,939.56
211003,Pedro Vilca Apaza,San Antonio de Putin,Puno,565.81
211004,Quilcapuncu,San Antonio de Putin,Puno,516.66
211005,Sina,San Antonio de Putin,Puno,163.43
211101,Juliaca,San Roman,Puno,533.5
211102,Cabana,San Roman,Puno,191.23
211103,Cabanillas,San Roman,Puno,1267.06
211104,Caracoto,San Roman,Puno,285.87
211105,San Miguel,San Roman,Puno,121.8
211201,Sandia,Sandia,Puno,580.13
211202,Cuyocuyo,Sandia,Puno,503.91
211203,Limbani,Sandia,Puno,2112.34
211204,Patambuco,Sandia,Puno,462.72
211205,Phara,Sandia,Puno,400.9
211206,Quiaca,Sandia,Puno,447.9
211207,San Juan del Oro,Sandia,Puno,197.14
211208,Yanahuaya,Sandia,Puno,670.61
211209,Alto Inambari,Sandia,Puno,1124.88
211210,San Pedro de Putina Punco,Sandia,Puno,5361.88
211301,Yunguyo,Yunguyo,Puno,170.59
211302,Anapia,Yunguyo,Puno,9.54
211303,Copani,Yunguyo,Puno,47.37
211304,Cuturapi,Yunguyo,Puno,21.74
211305,Ollaraya,Yunguyo,Puno,23.67
211306,Tinicachi,Yunguyo,Puno,6.2
211307,Unicachi,Yunguyo,Puno,11.1
220101,Moyobamba,Moyobamba,San Martin,2737.57
220102,Calzada,Moyobamba,San Martin,95.38
220103,Habana,Moyobamba,San Martin,91.25
220104,Jepelacio,Moyobamba,San Martin,360.03
220105,Soritor,Moyobamba,San Martin,387.76
220106,Yantalo,Moyobamba,San Martin,100.32
220201,Bellavista,Bellavista,San Martin,287.12
220202,Alto Biavo,Bellavista,San Martin,6117.12
220203,Bajo Biavo,Bellavista,San Martin,975.43
220204,Huallaga,Bellavista,San Martin,210.42
220205,San Pablo,Bellavista,San Martin,362.49
220206,San Rafael,Bellavista,San Martin,98.32
220301,San Jose de Sisa,El Dorado,San Martin,299.9
220302,Agua Blanca,El Dorado,San Martin,168.19
220303,San Martin,El Dorado,San Martin,562.57
220304,Santa Rosa,El Dorado,San Martin,243.41
220305,Shatoja,El Dorado,San Martin,24.07
220401,Saposoa,Huallaga,San Martin,545.43
220402,Alto Saposoa,Huallaga,San Martin,1347.34
220403,El Eslabon,Huallaga,San Martin,122.77
220404,Piscoyacu,Huallaga,San Martin,184.87
220405,Sacanche,Huallaga,San Martin,143.15
220406,Tingo de Saposoa,Huallaga,San Martin,37.29
220501,Lamas,Lamas,San Martin,79.82
220502,Alonso de Alvarado,Lamas,San Martin,294.2
220503,Barranquita,Lamas,San Martin,1065.12
220504,Caynarachi,Lamas,San Martin,1678.69
220505,Cuñumbuqui,Lamas,San Martin,191.46
220506,Pinto Recodo,Lamas,San Martin,524.07
220507,Rumisapa,Lamas,San Martin,39.19
220508,San Roque de Cumbaza,Lamas,San Martin,525.15
220509,Shanao,Lamas,San Martin,24.59
220510,Tabalosos,Lamas,San Martin,485.25
220511,Zapatero,Lamas,San Martin,175
220601,Juanjui,Mariscal Caceres,San Martin,335.19
220602,Campanilla,Mariscal Caceres,San Martin,2249.83
220603,Huicungo,Mariscal Caceres,San Martin,9830.17
220604,Pachiza,Mariscal Caceres,San Martin,1839.51
220605,Pajarillo,Mariscal Caceres,San Martin,244.03
220701,Picota,Picota,San Martin,218.72
220702,Buenos Aires,Picota,San Martin,272.97
220703,Caspisapa,Picota,San Martin,81.44
220704,Pilluana,Picota,San Martin,239.27
220705,Pucacaca,Picota,San Martin,230.72
220706,San Cristobal,Picota,San Martin,29.63
220707,San Hilarion,Picota,San Martin,96.55
220708,Shamboyacu,Picota,San Martin,415.58
220709,Tingo de Ponasa,Picota,San Martin,340.01
220710,Tres Unidos,Picota,San Martin,246.52
220801,Rioja,Rioja,San Martin,185.69
220802,Awajun,Rioja,San Martin,481.08
220803,Elias Soplin Vargas,Rioja,San Martin,199.64
220804,Nueva Cajamarca,Rioja,San Martin,330.31
220805,Pardo Miguel,Rioja,San Martin,1131.87
220806,Posic,Rioja,San Martin,54.65
220807,San Fernando,Rioja,San Martin,63.53
220808,Yorongos,Rioja,San Martin,74.53
220809,Yuracyacu,Rioja,San Martin,13.74
220901,Tarapoto,San Martin,San Martin,67.81
220902,Alberto Leveau,San Martin,San Martin,268.4
220903,Cacatachi,San Martin,San Martin,75.36
220904,Chazuta,San Martin,San Martin,966.38
220905,Chipurana,San Martin,San Martin,500.44
220906,El Porvenir,San Martin,San Martin,483.21
220907,Huimbayoc,San Martin,San Martin,1609.07
220908,Juan Guerra,San Martin,San Martin,196.5
220909,La Banda de Shilcayo,San Martin,San Martin,286.68
220910,Morales,San Martin,San Martin,43.91
220911,Papaplaya,San Martin,San Martin,686.19
220912,San Antonio,San Martin,San Martin,93.03
220913,Sauce,San Martin,San Martin,103
220914,Shapaja,San Martin,San Martin,270.44
221001,Tocache,Tocache,San Martin,1142.04
221002,Nuevo Progreso,Tocache,San Martin,860.98
221003,Polvora,Tocache,San Martin,2174.48
221004,Shunte,Tocache,San Martin,964.21
221005,Uchiza,Tocache,San Martin,723.73
230101,Tacna,Tacna,Tacna,1877.78
230102,Alto de La Alianza,Tacna,Tacna,371.4
230103,Calana,Tacna,Tacna,108.38
230104,Ciudad Nueva,Tacna,Tacna,173.42
230105,Inclan,Tacna,Tacna,1414.82
230106,Pachia,Tacna,Tacna,603.68
230107,Palca,Tacna,Tacna,1417.86
230108,Pocollay,Tacna,Tacna,265.65
230109,Sama,Tacna,Tacna,1115.98
230110,Coronel Gregorio Albarracin Lanchipa,Tacna,Tacna,187.74
230111,La Yarada-Los Palos,Tacna,Tacna,529.4
230201,Candarave,Candarave,Tacna,1111.03
230202,Cairani,Candarave,Tacna,371.17
230203,Camilaca,Candarave,Tacna,518.65
230204,Curibaya,Candarave,Tacna,126.98
230205,Huanuara,Candarave,Tacna,95.61
230206,Quilahuani,Candarave,Tacna,37.66
230301,Locumba,Jorge Basadre,Tacna,968.99
230302,Ilabaya,Jorge Basadre,Tacna,1111.39
230303,Ite,Jorge Basadre,Tacna,848.18
230401,Tarata,Tarata,Tacna,864.31
230402,Heroes Albarracin,Tarata,Tacna,372.41
230403,Estique,Tarata,Tacna,312.85
230404,Estique-Pampa,Tarata,Tacna,185.61
230405,Sitajara,Tarata,Tacna,251.24
230406,Susapaya,Tarata,Tacna,373.21
230407,Tarucachi,Tarata,Tacna,113.27
230408,Ticaco,Tarata,Tacna,347.06
240101,Tumbes,Tumbes,Tumbes,158.14
240102,Corrales,Tumbes,Tumbes,131.6
240103,La Cruz,Tumbes,Tumbes,65.23
240104,Pampas de Hospital,Tumbes,Tumbes,727.75
240105,San Jacinto,Tumbes,Tumbes,598.72
240106,San Juan de La Virgen,Tumbes,Tumbes,118.71
240201,Zorritos,Contralmirante Villa,Tumbes,644.52
240202,Casitas,Contralmirante Villa,Tumbes,855.36
240203,Canoas de Punta Sal,Contralmirante Villa,Tumbes,623.34
240301,Zarumilla,Zarumilla,Tumbes,113.25
240302,Aguas Verdes,Zarumilla,Tumbes,46.06
240303,Matapalo,Zarumilla,Tumbes,392.29
240304,Papayal,Zarumilla,Tumbes,193.53
250101,Calleria,Coronel Portillo,Ucayali,10485.41
250102,Campoverde,Coronel Portillo,Ucayali,1194.1
250103,Iparia,Coronel Portillo,Ucayali,8029.12
250104,Masisea,Coronel Portillo,Ucayali,14102.19
250105,Yarinacocha,Coronel Portillo,Ucayali,596.2
250106,Nueva Requena,Coronel Portillo,Ucayali,1857.82
250107,Manantay,Coronel Portillo,Ucayali,579.91
250201,Raymondi,Atalaya,Ucayali,14504.99
250202,Sepahua,Atalaya,Ucayali,8223.63
250203,Tahuania,Atalaya,Ucayali,7010.09
250204,Yurua,Atalaya,Ucayali,9175.58
250301,Padre Abad,Padre Abad,Ucayali,4689.2
250302,Irazola,Padre Abad,Ucayali,998.93
250303,Curimana,Padre Abad,Ucayali,2134.04
250304,Neshuya,Padre Abad,Ucayali,579.51
250305,Alexander von Humboldt,Padre Abad,Ucayali,190.8
250401,Purus,Purus,Ucayali,17847.76
